Workbook

Sheet MOBILE_VIEW
A1: MOBILE_VIEW - Xem nhanh trên điện thoại (không nhập dữ liệu)
A3: Chọn ngày: | B3: 46071
A4: Chọn thợ: | B4: tony
A5: Chọn tuần (WeekStart Mon): | B5: 46082
A6: Chọn tháng (yyyy-mm): | B6: =TEXT(TODAY(),"yyyy-mm") -> 2026-03
A8: TỔNG NGÀY (theo thợ) | H8: TỔNG TUẦN (Selected Tech theo ngày)
A9: Tech | B9: # Khách | C9: Service | D9: Tech Share | E9: Tip | F9: Salon Net | H9: Date | I9: # | J9: Service | K9: Tip | L9: Tech Share | M9: Salon Net
A10: KEN | B10: =COUNTIFS(INPUT!J:J,$A10, INPUT!L:L, INT($B$3)) -> 0 | C10: =SUMIFS(INPUT!C:C, INPUT!J:J,$A10, INPUT!L:L, INT($B$3)) -> 0 | D10: =SUMIFS(INPUT!E:E, INPUT!J:J,$A10, INPUT!L:L, INT($B$3)) -> 0 | E10: =SUMIFS(INPUT!D:D, INPUT!J:J,$A10, INPUT!L:L, INT($B$3)) -> 0 | F10: =SUMIFS(INPUT!G:G, INPUT!J:J,$A10, INPUT!L:L, INT($B$3)) -> 0 | H10: =IF($B$5="","", $B$5+0) -> 46082 | I10: =IF($B$5="","",IF($B$4="ALL",COUNTIFS(INPUT!K:K,$B$5,INPUT!L:L,H10),COUNTIFS(INPUT!J:J,$B$4,INPUT!K:K,$B$5,INPUT!L:L,H10))) -> 0 | J10: =IF($B$5="","",IF($B$4="ALL",SUMIFS(INPUT!C:C,INPUT!K:K,$B$5,INPUT!L:L,H10),SUMIFS(INPUT!C:C,INPUT!J:J,$B$4,INPUT!K:K,$B$5,INPUT!L:L,H10))) -> 0 | K10: =IF($B$5="","",IF($B$4="ALL",SUMIFS(INPUT!D:D,INPUT!K:K,$B$5,INPUT!L:L,H10),SUMIFS(INPUT!D:D,INPUT!J:J,$B$4,INPUT!K:K,$B$5,INPUT!L:L,H10))) -> 0 | L10: =IF($B$5="","",IF($B$4="ALL",SUMIFS(INPUT!E:E,INPUT!K:K,$B$5,INPUT!L:L,H10),SUMIFS(INPUT!E:E,INPUT!J:J,$B$4,INPUT!K:K,$B$5,INPUT!L:L,H10))) -> 0 | M10: =IF($B$5="","",IF($B$4="ALL",SUMIFS(INPUT!G:G,INPUT!K:K,$B$5,INPUT!L:L,H10),SUMIFS(INPUT!G:G,INPUT!J:J,$B$4,INPUT!K:K,$B$5,INPUT!L:L,H10))) -> 0
A11: RYAN | B11: =COUNTIFS(INPUT!J:J,$A11, INPUT!L:L, INT($B$3)) -> 6 | C11: =SUMIFS(INPUT!C:C, INPUT!J:J,$A11, INPUT!L:L, INT($B$3)) -> 388 | D11: =SUMIFS(INPUT!E:E, INPUT!J:J,$A11, INPUT!L:L, INT($B$3)) -> 232.8 | E11: =SUMIFS(INPUT!D:D, INPUT!J:J,$A11, INPUT!L:L, INT($B$3)) -> 0 | F11: =SUMIFS(INPUT!G:G, INPUT!J:J,$A11, INPUT!L:L, INT($B$3)) -> 155.2 | H11: =IF($B$5="","", $B$5+1) -> 46083 | I11: =IF($B$5="","",IF($B$4="ALL",COUNTIFS(INPUT!K:K,$B$5,INPUT!L:L,H11),COUNTIFS(INPUT!J:J,$B$4,INPUT!K:K,$B$5,INPUT!L:L,H11))) -> 0 | J11: =IF($B$5="","",IF($B$4="ALL",SUMIFS(INPUT!C:C,INPUT!K:K,$B$5,INPUT!L:L,H11),SUMIFS(INPUT!C:C,INPUT!J:J,$B$4,INPUT!K:K,$B$5,INPUT!L:L,H11))) -> 0 | K11: =IF($B$5="","",IF($B$4="ALL",SUMIFS(INPUT!D:D,INPUT!K:K,$B$5,INPUT!L:L,H11),SUMIFS(INPUT!D:D,INPUT!J:J,$B$4,INPUT!K:K,$B$5,INPUT!L:L,H11))) -> 0 | L11: =IF($B$5="","",IF($B$4="ALL",SUMIFS(INPUT!E:E,INPUT!K:K,$B$5,INPUT!L:L,H11),SUMIFS(INPUT!E:E,INPUT!J:J,$B$4,INPUT!K:K,$B$5,INPUT!L:L,H11))) -> 0 | M11: =IF($B$5="","",IF($B$4="ALL",SUMIFS(INPUT!G:G,INPUT!K:K,$B$5,INPUT!L:L,H11),SUMIFS(INPUT!G:G,INPUT!J:J,$B$4,INPUT!K:K,$B$5,INPUT!L:L,H11))) -> 0
A12: CRIS | B12: =COUNTIFS(INPUT!J:J,$A12, INPUT!L:L, INT($B$3)) -> 7 | C12: =SUMIFS(INPUT!C:C, INPUT!J:J,$A12, INPUT!L:L, INT($B$3)) -> 375 | D12: =SUMIFS(INPUT!E:E, INPUT!J:J,$A12, INPUT!L:L, INT($B$3)) -> 187.5 | E12: =SUMIFS(INPUT!D:D, INPUT!J:J,$A12, INPUT!L:L, INT($B$3)) -> 0 | F12: =SUMIFS(INPUT!G:G, INPUT!J:J,$A12, INPUT!L:L, INT($B$3)) -> 187.5 | H12: =IF($B$5="","", $B$5+2) -> 46084 | I12: =IF($B$5="","",IF($B$4="ALL",COUNTIFS(INPUT!K:K,$B$5,INPUT!L:L,H12),COUNTIFS(INPUT!J:J,$B$4,INPUT!K:K,$B$5,INPUT!L:L,H12))) -> 0 | J12: =IF($B$5="","",IF($B$4="ALL",SUMIFS(INPUT!C:C,INPUT!K:K,$B$5,INPUT!L:L,H12),SUMIFS(INPUT!C:C,INPUT!J:J,$B$4,INPUT!K:K,$B$5,INPUT!L:L,H12))) -> 0 | K12: =IF($B$5="","",IF($B$4="ALL",SUMIFS(INPUT!D:D,INPUT!K:K,$B$5,INPUT!L:L,H12),SUMIFS(INPUT!D:D,INPUT!J:J,$B$4,INPUT!K:K,$B$5,INPUT!L:L,H12))) -> 0 | L12: =IF($B$5="","",IF($B$4="ALL",SUMIFS(INPUT!E:E,INPUT!K:K,$B$5,INPUT!L:L,H12),SUMIFS(INPUT!E:E,INPUT!J:J,$B$4,INPUT!K:K,$B$5,INPUT!L:L,H12))) -> 0 | M12: =IF($B$5="","",IF($B$4="ALL",SUMIFS(INPUT!G:G,INPUT!K:K,$B$5,INPUT!L:L,H12),SUMIFS(INPUT!G:G,INPUT!J:J,$B$4,INPUT!K:K,$B$5,INPUT!L:L,H12))) -> 0
A13: HANNI | B13: =COUNTIFS(INPUT!J:J,$A13, INPUT!L:L, INT($B$3)) -> 3 | C13: =SUMIFS(INPUT!C:C, INPUT!J:J,$A13, INPUT!L:L, INT($B$3)) -> 217 | D13: =SUMIFS(INPUT!E:E, INPUT!J:J,$A13, INPUT!L:L, INT($B$3)) -> 0 | E13: =SUMIFS(INPUT!D:D, INPUT!J:J,$A13, INPUT!L:L, INT($B$3)) -> 0 | F13: =SUMIFS(INPUT!G:G, INPUT!J:J,$A13, INPUT!L:L, INT($B$3)) -> 217 | H13: =IF($B$5="","", $B$5+3) -> 46085 | I13: =IF($B$5="","",IF($B$4="ALL",COUNTIFS(INPUT!K:K,$B$5,INPUT!L:L,H13),COUNTIFS(INPUT!J:J,$B$4,INPUT!K:K,$B$5,INPUT!L:L,H13))) -> 0 | J13: =IF($B$5="","",IF($B$4="ALL",SUMIFS(INPUT!C:C,INPUT!K:K,$B$5,INPUT!L:L,H13),SUMIFS(INPUT!C:C,INPUT!J:J,$B$4,INPUT!K:K,$B$5,INPUT!L:L,H13))) -> 0 | K13: =IF($B$5="","",IF($B$4="ALL",SUMIFS(INPUT!D:D,INPUT!K:K,$B$5,INPUT!L:L,H13),SUMIFS(INPUT!D:D,INPUT!J:J,$B$4,INPUT!K:K,$B$5,INPUT!L:L,H13))) -> 0 | L13: =IF($B$5="","",IF($B$4="ALL",SUMIFS(INPUT!E:E,INPUT!K:K,$B$5,INPUT!L:L,H13),SUMIFS(INPUT!E:E,INPUT!J:J,$B$4,INPUT!K:K,$B$5,INPUT!L:L,H13))) -> 0 | M13: =IF($B$5="","",IF($B$4="ALL",SUMIFS(INPUT!G:G,INPUT!K:K,$B$5,INPUT!L:L,H13),SUMIFS(INPUT!G:G,INPUT!J:J,$B$4,INPUT!K:K,$B$5,INPUT!L:L,H13))) -> 0
A14: AMY | B14: =COUNTIFS(INPUT!J:J,$A14, INPUT!L:L, INT($B$3)) -> 7 | C14: =SUMIFS(INPUT!C:C, INPUT!J:J,$A14, INPUT!L:L, INT($B$3)) -> 466 | D14: =SUMIFS(INPUT!E:E, INPUT!J:J,$A14, INPUT!L:L, INT($B$3)) -> 279.6 | E14: =SUMIFS(INPUT!D:D, INPUT!J:J,$A14, INPUT!L:L, INT($B$3)) -> 0 | F14: =SUMIFS(INPUT!G:G, INPUT!J:J,$A14, INPUT!L:L, INT($B$3)) -> 186.4 | H14: =IF($B$5="","", $B$5+4) -> 46086 | I14: =IF($B$5="","",IF($B$4="ALL",COUNTIFS(INPUT!K:K,$B$5,INPUT!L:L,H14),COUNTIFS(INPUT!J:J,$B$4,INPUT!K:K,$B$5,INPUT!L:L,H14))) -> 0 | J14: =IF($B$5="","",IF($B$4="ALL",SUMIFS(INPUT!C:C,INPUT!K:K,$B$5,INPUT!L:L,H14),SUMIFS(INPUT!C:C,INPUT!J:J,$B$4,INPUT!K:K,$B$5,INPUT!L:L,H14))) -> 0 | K14: =IF($B$5="","",IF($B$4="ALL",SUMIFS(INPUT!D:D,INPUT!K:K,$B$5,INPUT!L:L,H14),SUMIFS(INPUT!D:D,INPUT!J:J,$B$4,INPUT!K:K,$B$5,INPUT!L:L,H14))) -> 0 | L14: =IF($B$5="","",IF($B$4="ALL",SUMIFS(INPUT!E:E,INPUT!K:K,$B$5,INPUT!L:L,H14),SUMIFS(INPUT!E:E,INPUT!J:J,$B$4,INPUT!K:K,$B$5,INPUT!L:L,H14))) -> 0 | M14: =IF($B$5="","",IF($B$4="ALL",SUMIFS(INPUT!G:G,INPUT!K:K,$B$5,INPUT!L:L,H14),SUMIFS(INPUT!G:G,INPUT!J:J,$B$4,INPUT!K:K,$B$5,INPUT!L:L,H14))) -> 0
A15: TONY | B15: =COUNTIFS(INPUT!J:J,$A15, INPUT!L:L, INT($B$3)) -> 7 | C15: =SUMIFS(INPUT!C:C, INPUT!J:J,$A15, INPUT!L:L, INT($B$3)) -> 377 | D15: =SUMIFS(INPUT!E:E, INPUT!J:J,$A15, INPUT!L:L, INT($B$3)) -> 226.2 | E15: =SUMIFS(INPUT!D:D, INPUT!J:J,$A15, INPUT!L:L, INT($B$3)) -> 0 | F15: =SUMIFS(INPUT!G:G, INPUT!J:J,$A15, INPUT!L:L, INT($B$3)) -> 150.8 | H15: =IF($B$5="","", $B$5+5) -> 46087 | I15: =IF($B$5="","",IF($B$4="ALL",COUNTIFS(INPUT!K:K,$B$5,INPUT!L:L,H15),COUNTIFS(INPUT!J:J,$B$4,INPUT!K:K,$B$5,INPUT!L:L,H15))) -> 0 | J15: =IF($B$5="","",IF($B$4="ALL",SUMIFS(INPUT!C:C,INPUT!K:K,$B$5,INPUT!L:L,H15),SUMIFS(INPUT!C:C,INPUT!J:J,$B$4,INPUT!K:K,$B$5,INPUT!L:L,H15))) -> 0 | K15: =IF($B$5="","",IF($B$4="ALL",SUMIFS(INPUT!D:D,INPUT!K:K,$B$5,INPUT!L:L,H15),SUMIFS(INPUT!D:D,INPUT!J:J,$B$4,INPUT!K:K,$B$5,INPUT!L:L,H15))) -> 0 | L15: =IF($B$5="","",IF($B$4="ALL",SUMIFS(INPUT!E:E,INPUT!K:K,$B$5,INPUT!L:L,H15),SUMIFS(INPUT!E:E,INPUT!J:J,$B$4,INPUT!K:K,$B$5,INPUT!L:L,H15))) -> 0 | M15: =IF($B$5="","",IF($B$4="ALL",SUMIFS(INPUT!G:G,INPUT!K:K,$B$5,INPUT!L:L,H15),SUMIFS(INPUT!G:G,INPUT!J:J,$B$4,INPUT!K:K,$B$5,INPUT!L:L,H15))) -> 0
A16: STEVEN | B16: =COUNTIFS(INPUT!J:J,$A16, INPUT!L:L, INT($B$3)) -> 0 | C16: =SUMIFS(INPUT!C:C, INPUT!J:J,$A16, INPUT!L:L, INT($B$3)) -> 0 | D16: =SUMIFS(INPUT!E:E, INPUT!J:J,$A16, INPUT!L:L, INT($B$3)) -> 0 | E16: =SUMIFS(INPUT!D:D, INPUT!J:J,$A16, INPUT!L:L, INT($B$3)) -> 0 | F16: =SUMIFS(INPUT!G:G, INPUT!J:J,$A16, INPUT!L:L, INT($B$3)) -> 0 | H16: =IF($B$5="","", $B$5+6) -> 46088 | I16: =IF($B$5="","",IF($B$4="ALL",COUNTIFS(INPUT!K:K,$B$5,INPUT!L:L,H16),COUNTIFS(INPUT!J:J,$B$4,INPUT!K:K,$B$5,INPUT!L:L,H16))) -> 0 | J16: =IF($B$5="","",IF($B$4="ALL",SUMIFS(INPUT!C:C,INPUT!K:K,$B$5,INPUT!L:L,H16),SUMIFS(INPUT!C:C,INPUT!J:J,$B$4,INPUT!K:K,$B$5,INPUT!L:L,H16))) -> 0 | K16: =IF($B$5="","",IF($B$4="ALL",SUMIFS(INPUT!D:D,INPUT!K:K,$B$5,INPUT!L:L,H16),SUMIFS(INPUT!D:D,INPUT!J:J,$B$4,INPUT!K:K,$B$5,INPUT!L:L,H16))) -> 0 | L16: =IF($B$5="","",IF($B$4="ALL",SUMIFS(INPUT!E:E,INPUT!K:K,$B$5,INPUT!L:L,H16),SUMIFS(INPUT!E:E,INPUT!J:J,$B$4,INPUT!K:K,$B$5,INPUT!L:L,H16))) -> 0 | M16: =IF($B$5="","",IF($B$4="ALL",SUMIFS(INPUT!G:G,INPUT!K:K,$B$5,INPUT!L:L,H16),SUMIFS(INPUT!G:G,INPUT!J:J,$B$4,INPUT!K:K,$B$5,INPUT!L:L,H16))) -> 0
A17: BEN | B17: =COUNTIFS(INPUT!J:J,$A17, INPUT!L:L, INT($B$3)) -> 0 | C17: =SUMIFS(INPUT!C:C, INPUT!J:J,$A17, INPUT!L:L, INT($B$3)) -> 0 | D17: =SUMIFS(INPUT!E:E, INPUT!J:J,$A17, INPUT!L:L, INT($B$3)) -> 0 | E17: =SUMIFS(INPUT!D:D, INPUT!J:J,$A17, INPUT!L:L, INT($B$3)) -> 0 | F17: =SUMIFS(INPUT!G:G, INPUT!J:J,$A17, INPUT!L:L, INT($B$3)) -> 0 | H17: TOTAL | I17: =SUM(I10:I16) -> 0 | J17: =SUM(J10:J16) -> 0 | K17: =SUM(K10:K16) -> 0 | L17: =SUM(L10:L16) -> 0 | M17: =SUM(M10:M16) -> 0
A18: TOTAL | B18: =SUM(B10:B17) -> 30 | C18: =SUM(C10:C17) -> 1823 | D18: =SUM(D10:D17) -> 926.1 | E18: =SUM(E10:E17) -> 0 | F18: =SUM(F10:F17) -> 896.9
A20: CHI TIẾT NGÀY (chỉ thợ đã chọn) | H20: TỔNG THÁNG (Selected Tech)
A21: Date | B21: Service | C21: Tip | D21: Discount % | E21: Gift | F21: Tech Share | G21: Salon Net | H21: Tech | I21: # Khách | J21: Service | K21: Tip | L21: Tech Share | M21: Salon Gross | N21: Salon Net
A22: =IFERROR(__xludf.DUMMYFUNCTION("IF($B$4=""ALL"",IFERROR(FILTER({INPUT!A:A,INPUT!C:C,INPUT!D:D,INPUT!H:H,INPUT!I:I,INPUT!E:E,INPUT!G:G},INPUT!L:L=INT($B$3)),""""),IFERROR(FILTER({INPUT!A:A,INPUT!C:C,INPUT!D:D,INPUT!H:H,INPUT!I:I,INPUT!E:E,INPUT!G:G},INPUT!J:J=$B$4,INPUT!L:L=INT($B$3)),"""&"""))"),46071.0) -> 46071 | B22: =IFERROR(__xludf.DUMMYFUNCTION("""COMPUTED_VALUE"""),57.0) -> 57 | F22: =IFERROR(__xludf.DUMMYFUNCTION("""COMPUTED_VALUE"""),34.199999999999996) -> 34.2 | G22: =IFERROR(__xludf.DUMMYFUNCTION("""COMPUTED_VALUE"""),22.8) -> 22.8 | H22: =$B$4 -> tony | I22: =IF($B$4="ALL",COUNTIFS(INPUT!L:L,">="&DATE(LEFT($B$6,4),RIGHT($B$6,2),1),INPUT!L:L,"<"&EOMONTH(DATE(LEFT($B$6,4),RIGHT($B$6,2),1),0)+1),COUNTIFS(INPUT!J:J,$B$4,INPUT!L:L,">="&DATE(LEFT($B$6,4),RIGHT($B$6,2),1),INPUT!L:L,"<"&EOMONTH(DATE(LEFT($B$6,4),RIGHT($B$6,2),1),0)+1)) -> 5 | J22: =IF($B$4="ALL",SUMIFS(INPUT!C:C,INPUT!L:L,">="&DATE(LEFT($B$6,4),RIGHT($B$6,2),1),INPUT!L:L,"<"&EOMONTH(DATE(LEFT($B$6,4),RIGHT($B$6,2),1),0)+1),SUMIFS(INPUT!C:C,INPUT!J:J,$B$4,INPUT!L:L,">="&DATE(LEFT($B$6,4),RIGHT($B$6,2),1),INPUT!L:L,"<"&EOMONTH(DATE(LEFT($B$6,4),RIGHT($B$6,2),1),0)+1)) -> 286 | K22: =IF($B$4="ALL",SUMIFS(INPUT!D:D,INPUT!L:L,">="&DATE(LEFT($B$6,4),RIGHT($B$6,2),1),INPUT!L:L,"<"&EOMONTH(DATE(LEFT($B$6,4),RIGHT($B$6,2),1),0)+1),SUMIFS(INPUT!D:D,INPUT!J:J,$B$4,INPUT!L:L,">="&DATE(LEFT($B$6,4),RIGHT($B$6,2),1),INPUT!L:L,"<"&EOMONTH(DATE(LEFT($B$6,4),RIGHT($B$6,2),1),0)+1)) -> 0 | L22: =IF($B$4="ALL",SUMIFS(INPUT!E:E,INPUT!L:L,">="&DATE(LEFT($B$6,4),RIGHT($B$6,2),1),INPUT!L:L,"<"&EOMONTH(DATE(LEFT($B$6,4),RIGHT($B$6,2),1),0)+1),SUMIFS(INPUT!E:E,INPUT!J:J,$B$4,INPUT!L:L,">="&DATE(LEFT($B$6,4),RIGHT($B$6,2),1),INPUT!L:L,"<"&EOMONTH(DATE(LEFT($B$6,4),RIGHT($B$6,2),1),0)+1)) -> 171.6 | M22: =IF($B$4="ALL",SUMIFS(INPUT!F:F,INPUT!L:L,">="&DATE(LEFT($B$6,4),RIGHT($B$6,2),1),INPUT!L:L,"<"&EOMONTH(DATE(LEFT($B$6,4),RIGHT($B$6,2),1),0)+1),SUMIFS(INPUT!F:F,INPUT!J:J,$B$4,INPUT!L:L,">="&DATE(LEFT($B$6,4),RIGHT($B$6,2),1),INPUT!L:L,"<"&EOMONTH(DATE(LEFT($B$6,4),RIGHT($B$6,2),1),0)+1)) -> 114.4 | N22: =IF($B$4="ALL",SUMIFS(INPUT!G:G,INPUT!L:L,">="&DATE(LEFT($B$6,4),RIGHT($B$6,2),1),INPUT!L:L,"<"&EOMONTH(DATE(LEFT($B$6,4),RIGHT($B$6,2),1),0)+1),SUMIFS(INPUT!G:G,INPUT!J:J,$B$4,INPUT!L:L,">="&DATE(LEFT($B$6,4),RIGHT($B$6,2),1),INPUT!L:L,"<"&EOMONTH(DATE(LEFT($B$6,4),RIGHT($B$6,2),1),0)+1)) -> 114.4
A23: =IFERROR(__xludf.DUMMYFUNCTION("""COMPUTED_VALUE"""),46071.0) -> 46071 | B23: =IFERROR(__xludf.DUMMYFUNCTION("""COMPUTED_VALUE"""),77.0) -> 77 | F23: =IFERROR(__xludf.DUMMYFUNCTION("""COMPUTED_VALUE"""),46.199999999999996) -> 46.2 | G23: =IFERROR(__xludf.DUMMYFUNCTION("""COMPUTED_VALUE"""),30.8) -> 30.8
A24: =IFERROR(__xludf.DUMMYFUNCTION("""COMPUTED_VALUE"""),46071.0) -> 46071 | B24: =IFERROR(__xludf.DUMMYFUNCTION("""COMPUTED_VALUE"""),47.0) -> 47 | F24: =IFERROR(__xludf.DUMMYFUNCTION("""COMPUTED_VALUE"""),28.2) -> 28.2 | G24: =IFERROR(__xludf.DUMMYFUNCTION("""COMPUTED_VALUE"""),18.8) -> 18.8
A25: =IFERROR(__xludf.DUMMYFUNCTION("""COMPUTED_VALUE"""),46071.0) -> 46071 | B25: =IFERROR(__xludf.DUMMYFUNCTION("""COMPUTED_VALUE"""),47.0) -> 47 | F25: =IFERROR(__xludf.DUMMYFUNCTION("""COMPUTED_VALUE"""),28.2) -> 28.2 | G25: =IFERROR(__xludf.DUMMYFUNCTION("""COMPUTED_VALUE"""),18.8) -> 18.8
A26: =IFERROR(__xludf.DUMMYFUNCTION("""COMPUTED_VALUE"""),46071.0) -> 46071 | B26: =IFERROR(__xludf.DUMMYFUNCTION("""COMPUTED_VALUE"""),62.0) -> 62 | F26: =IFERROR(__xludf.DUMMYFUNCTION("""COMPUTED_VALUE"""),37.199999999999996) -> 37.2 | G26: =IFERROR(__xludf.DUMMYFUNCTION("""COMPUTED_VALUE"""),24.8) -> 24.8
A27: =IFERROR(__xludf.DUMMYFUNCTION("""COMPUTED_VALUE"""),46071.0) -> 46071 | B27: =IFERROR(__xludf.DUMMYFUNCTION("""COMPUTED_VALUE"""),47.0) -> 47 | F27: =IFERROR(__xludf.DUMMYFUNCTION("""COMPUTED_VALUE"""),28.2) -> 28.2 | G27: =IFERROR(__xludf.DUMMYFUNCTION("""COMPUTED_VALUE"""),18.8) -> 18.8
A28: =IFERROR(__xludf.DUMMYFUNCTION("""COMPUTED_VALUE"""),46071.0) -> 46071 | B28: =IFERROR(__xludf.DUMMYFUNCTION("""COMPUTED_VALUE"""),40.0) -> 40 | F28: =IFERROR(__xludf.DUMMYFUNCTION("""COMPUTED_VALUE"""),24.0) -> 24 | G28: =IFERROR(__xludf.DUMMYFUNCTION("""COMPUTED_VALUE"""),16.0) -> 16

Sheet INPUT
A1: INPUT - 1 khách = 1 dòng. Nhập: Date (dd/mm/yyyy), Tech (dropdown hoặc gõ code RY/HA...), Service, Tip, Discount%, Gift.
A3: Date | B3: Tech | C3: Service | D3: Tip | E3: Tech Share | F3: Salon Share (gross) | G3: Salon Net | H3: Discount % | I3: Gift Card | J3: TechNorm (hidden) | K3: WeekStart(Mon) (hidden) | L3: DateOnly (hidden) | M3: MonthKey (hidden)
A4: 46054 | B4: RYAN | C4: 85 | E4: =IF(J4="","", C4 * IFERROR(VLOOKUP(J4, SETUP!$A:$D, 3, FALSE), 0)) -> 51 | F4: =IF(J4="","", C4 * IFERROR(VLOOKUP(J4, SETUP!$A:$D, 4, FALSE), 0)) -> 34 | G4: =IF(J4="","", F4 - (C4*IF(H4="",0,H4)) - IF(I4="",0,I4)) -> 34 | J4: =IF(TRIM(B4)="","",IF(ISNUMBER(SEARCH(" - ",B4)),TRIM(RIGHT(B4,LEN(B4)-FIND(" - ",B4)-2)),IFERROR(VLOOKUP(UPPER(TRIM(B4)), SETUP!$B$4:$C$11, 2, FALSE), UPPER(TRIM(B4))))) -> RYAN | K4: =IF(A4="","", INT(A4) - WEEKDAY(INT(A4),2) + 1) -> 46048 | L4: =IF(A4="","", INT(A4)) -> 46054 | M4: =IF(A4="","",TEXT(L4,"yyyy-mm")) -> 2026-02
A5: 46054 | B5: RYAN | C5: 47 | E5: =IF(J5="","", C5 * IFERROR(VLOOKUP(J5, SETUP!$A:$D, 3, FALSE), 0)) -> 28.2 | F5: =IF(J5="","", C5 * IFERROR(VLOOKUP(J5, SETUP!$A:$D, 4, FALSE), 0)) -> 18.8 | G5: =IF(J5="","", F5 - (C5*IF(H5="",0,H5)) - IF(I5="",0,I5)) -> 18.8 | J5: =IF(TRIM(B5)="","",IF(ISNUMBER(SEARCH(" - ",B5)),TRIM(RIGHT(B5,LEN(B5)-FIND(" - ",B5)-2)),IFERROR(VLOOKUP(UPPER(TRIM(B5)), SETUP!$B$4:$C$11, 2, FALSE), UPPER(TRIM(B5))))) -> RYAN | K5: =IF(A5="","", INT(A5) - WEEKDAY(INT(A5),2) + 1) -> 46048 | L5: =IF(A5="","", INT(A5)) -> 46054 | M5: =IF(A5="","",TEXT(L5,"yyyy-mm")) -> 2026-02
A6: 46054 | B6: RYAN | C6: 57 | E6: =IF(J6="","", C6 * IFERROR(VLOOKUP(J6, SETUP!$A:$D, 3, FALSE), 0)) -> 34.2 | F6: =IF(J6="","", C6 * IFERROR(VLOOKUP(J6, SETUP!$A:$D, 4, FALSE), 0)) -> 22.8 | G6: =IF(J6="","", F6 - (C6*IF(H6="",0,H6)) - IF(I6="",0,I6)) -> 22.8 | J6: =IF(TRIM(B6)="","",IF(ISNUMBER(SEARCH(" - ",B6)),TRIM(RIGHT(B6,LEN(B6)-FIND(" - ",B6)-2)),IFERROR(VLOOKUP(UPPER(TRIM(B6)), SETUP!$B$4:$C$11, 2, FALSE), UPPER(TRIM(B6))))) -> RYAN | K6: =IF(A6="","", INT(A6) - WEEKDAY(INT(A6),2) + 1) -> 46048 | L6: =IF(A6="","", INT(A6)) -> 46054 | M6: =IF(A6="","",TEXT(L6,"yyyy-mm")) -> 2026-02
A7: 46054 | B7: RYAN | C7: 70 | E7: =IF(J7="","", C7 * IFERROR(VLOOKUP(J7, SETUP!$A:$D, 3, FALSE), 0)) -> 42 | F7: =IF(J7="","", C7 * IFERROR(VLOOKUP(J7, SETUP!$A:$D, 4, FALSE), 0)) -> 28 | G7: =IF(J7="","", F7 - (C7*IF(H7="",0,H7)) - IF(I7="",0,I7)) -> 28 | J7: =IF(TRIM(B7)="","",IF(ISNUMBER(SEARCH(" - ",B7)),TRIM(RIGHT(B7,LEN(B7)-FIND(" - ",B7)-2)),IFERROR(VLOOKUP(UPPER(TRIM(B7)), SETUP!$B$4:$C$11, 2, FALSE), UPPER(TRIM(B7))))) -> RYAN | K7: =IF(A7="","", INT(A7) - WEEKDAY(INT(A7),2) + 1) -> 46048 | L7: =IF(A7="","", INT(A7)) -> 46054 | M7: =IF(A7="","",TEXT(L7,"yyyy-mm")) -> 2026-02
A8: 46054 | B8: RYAN | C8: 65 | E8: =IF(J8="","", C8 * IFERROR(VLOOKUP(J8, SETUP!$A:$D, 3, FALSE), 0)) -> 39 | F8: =IF(J8="","", C8 * IFERROR(VLOOKUP(J8, SETUP!$A:$D, 4, FALSE), 0)) -> 26 | G8: =IF(J8="","", F8 - (C8*IF(H8="",0,H8)) - IF(I8="",0,I8)) -> 26 | J8: =IF(TRIM(B8)="","",IF(ISNUMBER(SEARCH(" - ",B8)),TRIM(RIGHT(B8,LEN(B8)-FIND(" - ",B8)-2)),IFERROR(VLOOKUP(UPPER(TRIM(B8)), SETUP!$B$4:$C$11, 2, FALSE), UPPER(TRIM(B8))))) -> RYAN | K8: =IF(A8="","", INT(A8) - WEEKDAY(INT(A8),2) + 1) -> 46048 | L8: =IF(A8="","", INT(A8)) -> 46054 | M8: =IF(A8="","",TEXT(L8,"yyyy-mm")) -> 2026-02
A9: 46054 | B9: RYAN | C9: 67 | D9: 15 | E9: =IF(J9="","", C9 * IFERROR(VLOOKUP(J9, SETUP!$A:$D, 3, FALSE), 0)) -> 40.2 | F9: =IF(J9="","", C9 * IFERROR(VLOOKUP(J9, SETUP!$A:$D, 4, FALSE), 0)) -> 26.8 | G9: =IF(J9="","", F9 - (C9*IF(H9="",0,H9)) - IF(I9="",0,I9)) -> 26.8 | J9: =IF(TRIM(B9)="","",IF(ISNUMBER(SEARCH(" - ",B9)),TRIM(RIGHT(B9,LEN(B9)-FIND(" - ",B9)-2)),IFERROR(VLOOKUP(UPPER(TRIM(B9)), SETUP!$B$4:$C$11, 2, FALSE), UPPER(TRIM(B9))))) -> RYAN | K9: =IF(A9="","", INT(A9) - WEEKDAY(INT(A9),2) + 1) -> 46048 | L9: =IF(A9="","", INT(A9)) -> 46054 | M9: =IF(A9="","",TEXT(L9,"yyyy-mm")) -> 2026-02
A10: 46054 | B10: CRIS | C10: 40 | D10: 6 | E10: =IF(J10="","", C10 * IFERROR(VLOOKUP(J10, SETUP!$A:$D, 3, FALSE), 0)) -> 20 | F10: =IF(J10="","", C10 * IFERROR(VLOOKUP(J10, SETUP!$A:$D, 4, FALSE), 0)) -> 20 | G10: =IF(J10="","", F10 - (C10*IF(H10="",0,H10)) - IF(I10="",0,I10)) -> 20 | J10: =IF(TRIM(B10)="","",IF(ISNUMBER(SEARCH(" - ",B10)),TRIM(RIGHT(B10,LEN(B10)-FIND(" - ",B10)-2)),IFERROR(VLOOKUP(UPPER(TRIM(B10)), SETUP!$B$4:$C$11, 2, FALSE), UPPER(TRIM(B10))))) -> CRIS | K10: =IF(A10="","", INT(A10) - WEEKDAY(INT(A10),2) + 1) -> 46048 | L10: =IF(A10="","", INT(A10)) -> 46054 | M10: =IF(A10="","",TEXT(L10,"yyyy-mm")) -> 2026-02
A11: 46054 | B11: CRIS | C11: 40 | D11: 12 | E11: =IF(J11="","", C11 * IFERROR(VLOOKUP(J11, SETUP!$A:$D, 3, FALSE), 0)) -> 20 | F11: =IF(J11="","", C11 * IFERROR(VLOOKUP(J11, SETUP!$A:$D, 4, FALSE), 0)) -> 20 | G11: =IF(J11="","", F11 - (C11*IF(H11="",0,H11)) - IF(I11="",0,I11)) -> 20 | J11: =IF(TRIM(B11)="","",IF(ISNUMBER(SEARCH(" - ",B11)),TRIM(RIGHT(B11,LEN(B11)-FIND(" - ",B11)-2)),IFERROR(VLOOKUP(UPPER(TRIM(B11)), SETUP!$B$4:$C$11, 2, FALSE), UPPER(TRIM(B11))))) -> CRIS | K11: =IF(A11="","", INT(A11) - WEEKDAY(INT(A11),2) + 1) -> 46048 | L11: =IF(A11="","", INT(A11)) -> 46054 | M11: =IF(A11="","",TEXT(L11,"yyyy-mm")) -> 2026-02
A12: 46054 | B12: CRIS | C12: 50 | E12: =IF(J12="","", C12 * IFERROR(VLOOKUP(J12, SETUP!$A:$D, 3, FALSE), 0)) -> 25 | F12: =IF(J12="","", C12 * IFERROR(VLOOKUP(J12, SETUP!$A:$D, 4, FALSE), 0)) -> 25 | G12: =IF(J12="","", F12 - (C12*IF(H12="",0,H12)) - IF(I12="",0,I12)) -> 25 | J12: =IF(TRIM(B12)="","",IF(ISNUMBER(SEARCH(" - ",B12)),TRIM(RIGHT(B12,LEN(B12)-FIND(" - ",B12)-2)),IFERROR(VLOOKUP(UPPER(TRIM(B12)), SETUP!$B$4:$C$11, 2, FALSE), UPPER(TRIM(B12))))) -> CRIS | K12: =IF(A12="","", INT(A12) - WEEKDAY(INT(A12),2) + 1) -> 46048 | L12: =IF(A12="","", INT(A12)) -> 46054 | M12: =IF(A12="","",TEXT(L12,"yyyy-mm")) -> 2026-02
A13: 46054 | B13: CRIS | C13: 50 | E13: =IF(J13="","", C13 * IFERROR(VLOOKUP(J13, SETUP!$A:$D, 3, FALSE), 0)) -> 25 | F13: =IF(J13="","", C13 * IFERROR(VLOOKUP(J13, SETUP!$A:$D, 4, FALSE), 0)) -> 25 | G13: =IF(J13="","", F13 - (C13*IF(H13="",0,H13)) - IF(I13="",0,I13)) -> 25 | J13: =IF(TRIM(B13)="","",IF(ISNUMBER(SEARCH(" - ",B13)),TRIM(RIGHT(B13,LEN(B13)-FIND(" - ",B13)-2)),IFERROR(VLOOKUP(UPPER(TRIM(B13)), SETUP!$B$4:$C$11, 2, FALSE), UPPER(TRIM(B13))))) -> CRIS | K13: =IF(A13="","", INT(A13) - WEEKDAY(INT(A13),2) + 1) -> 46048 | L13: =IF(A13="","", INT(A13)) -> 46054 | M13: =IF(A13="","",TEXT(L13,"yyyy-mm")) -> 2026-02
A14: 46054 | B14: CRIS | C14: 40 | E14: =IF(J14="","", C14 * IFERROR(VLOOKUP(J14, SETUP!$A:$D, 3, FALSE), 0)) -> 20 | F14: =IF(J14="","", C14 * IFERROR(VLOOKUP(J14, SETUP!$A:$D, 4, FALSE), 0)) -> 20 | G14: =IF(J14="","", F14 - (C14*IF(H14="",0,H14)) - IF(I14="",0,I14)) -> 20 | J14: =IF(TRIM(B14)="","",IF(ISNUMBER(SEARCH(" - ",B14)),TRIM(RIGHT(B14,LEN(B14)-FIND(" - ",B14)-2)),IFERROR(VLOOKUP(UPPER(TRIM(B14)), SETUP!$B$4:$C$11, 2, FALSE), UPPER(TRIM(B14))))) -> CRIS | K14: =IF(A14="","", INT(A14) - WEEKDAY(INT(A14),2) + 1) -> 46048 | L14: =IF(A14="","", INT(A14)) -> 46054 | M14: =IF(A14="","",TEXT(L14,"yyyy-mm")) -> 2026-02
A15: 46054 | B15: CRIS | C15: 40 | E15: =IF(J15="","", C15 * IFERROR(VLOOKUP(J15, SETUP!$A:$D, 3, FALSE), 0)) -> 20 | F15: =IF(J15="","", C15 * IFERROR(VLOOKUP(J15, SETUP!$A:$D, 4, FALSE), 0)) -> 20 | G15: =IF(J15="","", F15 - (C15*IF(H15="",0,H15)) - IF(I15="",0,I15)) -> 20 | J15: =IF(TRIM(B15)="","",IF(ISNUMBER(SEARCH(" - ",B15)),TRIM(RIGHT(B15,LEN(B15)-FIND(" - ",B15)-2)),IFERROR(VLOOKUP(UPPER(TRIM(B15)), SETUP!$B$4:$C$11, 2, FALSE), UPPER(TRIM(B15))))) -> CRIS | K15: =IF(A15="","", INT(A15) - WEEKDAY(INT(A15),2) + 1) -> 46048 | L15: =IF(A15="","", INT(A15)) -> 46054 | M15: =IF(A15="","",TEXT(L15,"yyyy-mm")) -> 2026-02
A16: 46054 | B16: HANNI | C16: 55 | E16: =IF(J16="","", C16 * IFERROR(VLOOKUP(J16, SETUP!$A:$D, 3, FALSE), 0)) -> 0 | F16: =IF(J16="","", C16 * IFERROR(VLOOKUP(J16, SETUP!$A:$D, 4, FALSE), 0)) -> 55 | G16: =IF(J16="","", F16 - (C16*IF(H16="",0,H16)) - IF(I16="",0,I16)) -> 55 | J16: =IF(TRIM(B16)="","",IF(ISNUMBER(SEARCH(" - ",B16)),TRIM(RIGHT(B16,LEN(B16)-FIND(" - ",B16)-2)),IFERROR(VLOOKUP(UPPER(TRIM(B16)), SETUP!$B$4:$C$11, 2, FALSE), UPPER(TRIM(B16))))) -> HANNI | K16: =IF(A16="","", INT(A16) - WEEKDAY(INT(A16),2) + 1) -> 46048 | L16: =IF(A16="","", INT(A16)) -> 46054 | M16: =IF(A16="","",TEXT(L16,"yyyy-mm")) -> 2026-02
A17: 46054 | B17: HANNI | C17: 57 | E17: =IF(J17="","", C17 * IFERROR(VLOOKUP(J17, SETUP!$A:$D, 3, FALSE), 0)) -> 0 | F17: =IF(J17="","", C17 * IFERROR(VLOOKUP(J17, SETUP!$A:$D, 4, FALSE), 0)) -> 57 | G17: =IF(J17="","", F17 - (C17*IF(H17="",0,H17)) - IF(I17="",0,I17)) -> 57 | J17: =IF(TRIM(B17)="","",IF(ISNUMBER(SEARCH(" - ",B17)),TRIM(RIGHT(B17,LEN(B17)-FIND(" - ",B17)-2)),IFERROR(VLOOKUP(UPPER(TRIM(B17)), SETUP!$B$4:$C$11, 2, FALSE), UPPER(TRIM(B17))))) -> HANNI | K17: =IF(A17="","", INT(A17) - WEEKDAY(INT(A17),2) + 1) -> 46048 | L17: =IF(A17="","", INT(A17)) -> 46054 | M17: =IF(A17="","",TEXT(L17,"yyyy-mm")) -> 2026-02
A18: 46054 | B18: HANNI | C18: 52 | E18: =IF(J18="","", C18 * IFERROR(VLOOKUP(J18, SETUP!$A:$D, 3, FALSE), 0)) -> 0 | F18: =IF(J18="","", C18 * IFERROR(VLOOKUP(J18, SETUP!$A:$D, 4, FALSE), 0)) -> 52 | G18: =IF(J18="","", F18 - (C18*IF(H18="",0,H18)) - IF(I18="",0,I18)) -> 52 | J18: =IF(TRIM(B18)="","",IF(ISNUMBER(SEARCH(" - ",B18)),TRIM(RIGHT(B18,LEN(B18)-FIND(" - ",B18)-2)),IFERROR(VLOOKUP(UPPER(TRIM(B18)), SETUP!$B$4:$C$11, 2, FALSE), UPPER(TRIM(B18))))) -> HANNI | K18: =IF(A18="","", INT(A18) - WEEKDAY(INT(A18),2) + 1) -> 46048 | L18: =IF(A18="","", INT(A18)) -> 46054 | M18: =IF(A18="","",TEXT(L18,"yyyy-mm")) -> 2026-02
A19: 46054 | B19: AMY | C19: 65 | E19: =IF(J19="","", C19 * IFERROR(VLOOKUP(J19, SETUP!$A:$D, 3, FALSE), 0)) -> 39 | F19: =IF(J19="","", C19 * IFERROR(VLOOKUP(J19, SETUP!$A:$D, 4, FALSE), 0)) -> 26 | G19: =IF(J19="","", F19 - (C19*IF(H19="",0,H19)) - IF(I19="",0,I19)) -> 26 | J19: =IF(TRIM(B19)="","",IF(ISNUMBER(SEARCH(" - ",B19)),TRIM(RIGHT(B19,LEN(B19)-FIND(" - ",B19)-2)),IFERROR(VLOOKUP(UPPER(TRIM(B19)), SETUP!$B$4:$C$11, 2, FALSE), UPPER(TRIM(B19))))) -> AMY | K19: =IF(A19="","", INT(A19) - WEEKDAY(INT(A19),2) + 1) -> 46048 | L19: =IF(A19="","", INT(A19)) -> 46054 | M19: =IF(A19="","",TEXT(L19,"yyyy-mm")) -> 2026-02
A20: 46054 | B20: AMY | C20: 107 | D20: 12 | E20: =IF(J20="","", C20 * IFERROR(VLOOKUP(J20, SETUP!$A:$D, 3, FALSE), 0)) -> 64.2 | F20: =IF(J20="","", C20 * IFERROR(VLOOKUP(J20, SETUP!$A:$D, 4, FALSE), 0)) -> 42.8 | G20: =IF(J20="","", F20 - (C20*IF(H20="",0,H20)) - IF(I20="",0,I20)) -> 42.8 | J20: =IF(TRIM(B20)="","",IF(ISNUMBER(SEARCH(" - ",B20)),TRIM(RIGHT(B20,LEN(B20)-FIND(" - ",B20)-2)),IFERROR(VLOOKUP(UPPER(TRIM(B20)), SETUP!$B$4:$C$11, 2, FALSE), UPPER(TRIM(B20))))) -> AMY | K20: =IF(A20="","", INT(A20) - WEEKDAY(INT(A20),2) + 1) -> 46048 | L20: =IF(A20="","", INT(A20)) -> 46054 | M20: =IF(A20="","",TEXT(L20,"yyyy-mm")) -> 2026-02
A21: 46054 | B21: AMY | C21: 72 | D21: 7 | E21: =IF(J21="","", C21 * IFERROR(VLOOKUP(J21, SETUP!$A:$D, 3, FALSE), 0)) -> 43.2 | F21: =IF(J21="","", C21 * IFERROR(VLOOKUP(J21, SETUP!$A:$D, 4, FALSE), 0)) -> 28.8 | G21: =IF(J21="","", F21 - (C21*IF(H21="",0,H21)) - IF(I21="",0,I21)) -> 28.8 | J21: =IF(TRIM(B21)="","",IF(ISNUMBER(SEARCH(" - ",B21)),TRIM(RIGHT(B21,LEN(B21)-FIND(" - ",B21)-2)),IFERROR(VLOOKUP(UPPER(TRIM(B21)), SETUP!$B$4:$C$11, 2, FALSE), UPPER(TRIM(B21))))) -> AMY | K21: =IF(A21="","", INT(A21) - WEEKDAY(INT(A21),2) + 1) -> 46048 | L21: =IF(A21="","", INT(A21)) -> 46054 | M21: =IF(A21="","",TEXT(L21,"yyyy-mm")) -> 2026-02
A22: 46054 | B22: AMY | C22: 67 | E22: =IF(J22="","", C22 * IFERROR(VLOOKUP(J22, SETUP!$A:$D, 3, FALSE), 0)) -> 40.2 | F22: =IF(J22="","", C22 * IFERROR(VLOOKUP(J22, SETUP!$A:$D, 4, FALSE), 0)) -> 26.8 | G22: =IF(J22="","", F22 - (C22*IF(H22="",0,H22)) - IF(I22="",0,I22)) -> 26.8 | J22: =IF(TRIM(B22)="","",IF(ISNUMBER(SEARCH(" - ",B22)),TRIM(RIGHT(B22,LEN(B22)-FIND(" - ",B22)-2)),IFERROR(VLOOKUP(UPPER(TRIM(B22)), SETUP!$B$4:$C$11, 2, FALSE), UPPER(TRIM(B22))))) -> AMY | K22: =IF(A22="","", INT(A22) - WEEKDAY(INT(A22),2) + 1) -> 46048 | L22: =IF(A22="","", INT(A22)) -> 46054 | M22: =IF(A22="","",TEXT(L22,"yyyy-mm")) -> 2026-02
A23: 46055 | B23: RYAN | C23: 40 | E23: =IF(J23="","", C23 * IFERROR(VLOOKUP(J23, SETUP!$A:$D, 3, FALSE), 0)) -> 24 | F23: =IF(J23="","", C23 * IFERROR(VLOOKUP(J23, SETUP!$A:$D, 4, FALSE), 0)) -> 16 | G23: =IF(J23="","", F23 - (C23*IF(H23="",0,H23)) - IF(I23="",0,I23)) -> 16 | J23: =IF(TRIM(B23)="","",IF(ISNUMBER(SEARCH(" - ",B23)),TRIM(RIGHT(B23,LEN(B23)-FIND(" - ",B23)-2)),IFERROR(VLOOKUP(UPPER(TRIM(B23)), SETUP!$B$4:$C$11, 2, FALSE), UPPER(TRIM(B23))))) -> RYAN | K23: =IF(A23="","", INT(A23) - WEEKDAY(INT(A23),2) + 1) -> 46055 | L23: =IF(A23="","", INT(A23)) -> 46055 | M23: =IF(A23="","",TEXT(L23,"yyyy-mm")) -> 2026-02
A24: 46055 | B24: RYAN | C24: 127 | E24: =IF(J24="","", C24 * IFERROR(VLOOKUP(J24, SETUP!$A:$D, 3, FALSE), 0)) -> 76.2 | F24: =IF(J24="","", C24 * IFERROR(VLOOKUP(J24, SETUP!$A:$D, 4, FALSE), 0)) -> 50.8 | G24: =IF(J24="","", F24 - (C24*IF(H24="",0,H24)) - IF(I24="",0,I24)) -> 50.8 | J24: =IF(TRIM(B24)="","",IF(ISNUMBER(SEARCH(" - ",B24)),TRIM(RIGHT(B24,LEN(B24)-FIND(" - ",B24)-2)),IFERROR(VLOOKUP(UPPER(TRIM(B24)), SETUP!$B$4:$C$11, 2, FALSE), UPPER(TRIM(B24))))) -> RYAN | K24: =IF(A24="","", INT(A24) - WEEKDAY(INT(A24),2) + 1) -> 46055 | L24: =IF(A24="","", INT(A24)) -> 46055 | M24: =IF(A24="","",TEXT(L24,"yyyy-mm")) -> 2026-02
A25: 46055 | B25: RYAN | C25: 67 | E25: =IF(J25="","", C25 * IFERROR(VLOOKUP(J25, SETUP!$A:$D, 3, FALSE), 0)) -> 40.2 | F25: =IF(J25="","", C25 * IFERROR(VLOOKUP(J25, SETUP!$A:$D, 4, FALSE), 0)) -> 26.8 | G25: =IF(J25="","", F25 - (C25*IF(H25="",0,H25)) - IF(I25="",0,I25)) -> 26.8 | J25: =IF(TRIM(B25)="","",IF(ISNUMBER(SEARCH(" - ",B25)),TRIM(RIGHT(B25,LEN(B25)-FIND(" - ",B25)-2)),IFERROR(VLOOKUP(UPPER(TRIM(B25)), SETUP!$B$4:$C$11, 2, FALSE), UPPER(TRIM(B25))))) -> RYAN | K25: =IF(A25="","", INT(A25) - WEEKDAY(INT(A25),2) + 1) -> 46055 | L25: =IF(A25="","", INT(A25)) -> 46055 | M25: =IF(A25="","",TEXT(L25,"yyyy-mm")) -> 2026-02
A26: 46055 | B26: RYAN | C26: 47 | D26: 7 | E26: =IF(J26="","", C26 * IFERROR(VLOOKUP(J26, SETUP!$A:$D, 3, FALSE), 0)) -> 28.2 | F26: =IF(J26="","", C26 * IFERROR(VLOOKUP(J26, SETUP!$A:$D, 4, FALSE), 0)) -> 18.8 | G26: =IF(J26="","", F26 - (C26*IF(H26="",0,H26)) - IF(I26="",0,I26)) -> 18.8 | J26: =IF(TRIM(B26)="","",IF(ISNUMBER(SEARCH(" - ",B26)),TRIM(RIGHT(B26,LEN(B26)-FIND(" - ",B26)-2)),IFERROR(VLOOKUP(UPPER(TRIM(B26)), SETUP!$B$4:$C$11, 2, FALSE), UPPER(TRIM(B26))))) -> RYAN | K26: =IF(A26="","", INT(A26) - WEEKDAY(INT(A26),2) + 1) -> 46055 | L26: =IF(A26="","", INT(A26)) -> 46055 | M26: =IF(A26="","",TEXT(L26,"yyyy-mm")) -> 2026-02
A27: 46055 | B27: RYAN | C27: 47 | E27: =IF(J27="","", C27 * IFERROR(VLOOKUP(J27, SETUP!$A:$D, 3, FALSE), 0)) -> 28.2 | F27: =IF(J27="","", C27 * IFERROR(VLOOKUP(J27, SETUP!$A:$D, 4, FALSE), 0)) -> 18.8 | G27: =IF(J27="","", F27 - (C27*IF(H27="",0,H27)) - IF(I27="",0,I27)) -> 18.8 | J27: =IF(TRIM(B27)="","",IF(ISNUMBER(SEARCH(" - ",B27)),TRIM(RIGHT(B27,LEN(B27)-FIND(" - ",B27)-2)),IFERROR(VLOOKUP(UPPER(TRIM(B27)), SETUP!$B$4:$C$11, 2, FALSE), UPPER(TRIM(B27))))) -> RYAN | K27: =IF(A27="","", INT(A27) - WEEKDAY(INT(A27),2) + 1) -> 46055 | L27: =IF(A27="","", INT(A27)) -> 46055 | M27: =IF(A27="","",TEXT(L27,"yyyy-mm")) -> 2026-02
A28: 46055 | B28: HANNI | C28: 52 | E28: =IF(J28="","", C28 * IFERROR(VLOOKUP(J28, SETUP!$A:$D, 3, FALSE), 0)) -> 0 | F28: =IF(J28="","", C28 * IFERROR(VLOOKUP(J28, SETUP!$A:$D, 4, FALSE), 0)) -> 52 | G28: =IF(J28="","", F28 - (C28*IF(H28="",0,H28)) - IF(I28="",0,I28)) -> 52 | J28: =IF(TRIM(B28)="","",IF(ISNUMBER(SEARCH(" - ",B28)),TRIM(RIGHT(B28,LEN(B28)-FIND(" - ",B28)-2)),IFERROR(VLOOKUP(UPPER(TRIM(B28)), SETUP!$B$4:$C$11, 2, FALSE), UPPER(TRIM(B28))))) -> HANNI | K28: =IF(A28="","", INT(A28) - WEEKDAY(INT(A28),2) + 1) -> 46055 | L28: =IF(A28="","", INT(A28)) -> 46055 | M28: =IF(A28="","",TEXT(L28,"yyyy-mm")) -> 2026-02
A29: 46055 | B29: HANNI | C29: 95 | D29: 15 | E29: =IF(J29="","", C29 * IFERROR(VLOOKUP(J29, SETUP!$A:$D, 3, FALSE), 0)) -> 0 | F29: =IF(J29="","", C29 * IFERROR(VLOOKUP(J29, SETUP!$A:$D, 4, FALSE), 0)) -> 95 | G29: =IF(J29="","", F29 - (C29*IF(H29="",0,H29)) - IF(I29="",0,I29)) -> 95 | J29: =IF(TRIM(B29)="","",IF(ISNUMBER(SEARCH(" - ",B29)),TRIM(RIGHT(B29,LEN(B29)-FIND(" - ",B29)-2)),IFERROR(VLOOKUP(UPPER(TRIM(B29)), SETUP!$B$4:$C$11, 2, FALSE), UPPER(TRIM(B29))))) -> HANNI | K29: =IF(A29="","", INT(A29) - WEEKDAY(INT(A29),2) + 1) -> 46055 | L29: =IF(A29="","", INT(A29)) -> 46055 | M29: =IF(A29="","",TEXT(L29,"yyyy-mm")) -> 2026-02
A30: 46055 | B30: HANNI | C30: 52 | D30: 15 | E30: =IF(J30="","", C30 * IFERROR(VLOOKUP(J30, SETUP!$A:$D, 3, FALSE), 0)) -> 0 | F30: =IF(J30="","", C30 * IFERROR(VLOOKUP(J30, SETUP!$A:$D, 4, FALSE), 0)) -> 52 | G30: =IF(J30="","", F30 - (C30*IF(H30="",0,H30)) - IF(I30="",0,I30)) -> 52 | J30: =IF(TRIM(B30)="","",IF(ISNUMBER(SEARCH(" - ",B30)),TRIM(RIGHT(B30,LEN(B30)-FIND(" - ",B30)-2)),IFERROR(VLOOKUP(UPPER(TRIM(B30)), SETUP!$B$4:$C$11, 2, FALSE), UPPER(TRIM(B30))))) -> HANNI | K30: =IF(A30="","", INT(A30) - WEEKDAY(INT(A30),2) + 1) -> 46055 | L30: =IF(A30="","", INT(A30)) -> 46055 | M30: =IF(A30="","",TEXT(L30,"yyyy-mm")) -> 2026-02
A31: 46055 | B31: HANNI | C31: 47 | E31: =IF(J31="","", C31 * IFERROR(VLOOKUP(J31, SETUP!$A:$D, 3, FALSE), 0)) -> 0 | F31: =IF(J31="","", C31 * IFERROR(VLOOKUP(J31, SETUP!$A:$D, 4, FALSE), 0)) -> 47 | G31: =IF(J31="","", F31 - (C31*IF(H31="",0,H31)) - IF(I31="",0,I31)) -> 47 | J31: =IF(TRIM(B31)="","",IF(ISNUMBER(SEARCH(" - ",B31)),TRIM(RIGHT(B31,LEN(B31)-FIND(" - ",B31)-2)),IFERROR(VLOOKUP(UPPER(TRIM(B31)), SETUP!$B$4:$C$11, 2, FALSE), UPPER(TRIM(B31))))) -> HANNI | K31: =IF(A31="","", INT(A31) - WEEKDAY(INT(A31),2) + 1) -> 46055 | L31: =IF(A31="","", INT(A31)) -> 46055 | M31: =IF(A31="","",TEXT(L31,"yyyy-mm")) -> 2026-02
A32: 46055 | B32: AMY | C32: 47 | E32: =IF(J32="","", C32 * IFERROR(VLOOKUP(J32, SETUP!$A:$D, 3, FALSE), 0)) -> 28.2 | F32: =IF(J32="","", C32 * IFERROR(VLOOKUP(J32, SETUP!$A:$D, 4, FALSE), 0)) -> 18.8 | G32: =IF(J32="","", F32 - (C32*IF(H32="",0,H32)) - IF(I32="",0,I32)) -> 18.8 | J32: =IF(TRIM(B32)="","",IF(ISNUMBER(SEARCH(" - ",B32)),TRIM(RIGHT(B32,LEN(B32)-FIND(" - ",B32)-2)),IFERROR(VLOOKUP(UPPER(TRIM(B32)), SETUP!$B$4:$C$11, 2, FALSE), UPPER(TRIM(B32))))) -> AMY | K32: =IF(A32="","", INT(A32) - WEEKDAY(INT(A32),2) + 1) -> 46055 | L32: =IF(A32="","", INT(A32)) -> 46055 | M32: =IF(A32="","",TEXT(L32,"yyyy-mm")) -> 2026-02
A33: 46055 | B33: AMY | C33: 57 | E33: =IF(J33="","", C33 * IFERROR(VLOOKUP(J33, SETUP!$A:$D, 3, FALSE), 0)) -> 34.2 | F33: =IF(J33="","", C33 * IFERROR(VLOOKUP(J33, SETUP!$A:$D, 4, FALSE), 0)) -> 22.8 | G33: =IF(J33="","", F33 - (C33*IF(H33="",0,H33)) - IF(I33="",0,I33)) -> 22.8 | J33: =IF(TRIM(B33)="","",IF(ISNUMBER(SEARCH(" - ",B33)),TRIM(RIGHT(B33,LEN(B33)-FIND(" - ",B33)-2)),IFERROR(VLOOKUP(UPPER(TRIM(B33)), SETUP!$B$4:$C$11, 2, FALSE), UPPER(TRIM(B33))))) -> AMY | K33: =IF(A33="","", INT(A33) - WEEKDAY(INT(A33),2) + 1) -> 46055 | L33: =IF(A33="","", INT(A33)) -> 46055 | M33: =IF(A33="","",TEXT(L33,"yyyy-mm")) -> 2026-02
A34: 46055 | B34: AMY | C34: 52 | E34: =IF(J34="","", C34 * IFERROR(VLOOKUP(J34, SETUP!$A:$D, 3, FALSE), 0)) -> 31.2 | F34: =IF(J34="","", C34 * IFERROR(VLOOKUP(J34, SETUP!$A:$D, 4, FALSE), 0)) -> 20.8 | G34: =IF(J34="","", F34 - (C34*IF(H34="",0,H34)) - IF(I34="",0,I34)) -> 20.8 | J34: =IF(TRIM(B34)="","",IF(ISNUMBER(SEARCH(" - ",B34)),TRIM(RIGHT(B34,LEN(B34)-FIND(" - ",B34)-2)),IFERROR(VLOOKUP(UPPER(TRIM(B34)), SETUP!$B$4:$C$11, 2, FALSE), UPPER(TRIM(B34))))) -> AMY | K34: =IF(A34="","", INT(A34) - WEEKDAY(INT(A34),2) + 1) -> 46055 | L34: =IF(A34="","", INT(A34)) -> 46055 | M34: =IF(A34="","",TEXT(L34,"yyyy-mm")) -> 2026-02
A35: 46055 | B35: AMY | C35: 10 | E35: =IF(J35="","", C35 * IFERROR(VLOOKUP(J35, SETUP!$A:$D, 3, FALSE), 0)) -> 6 | F35: =IF(J35="","", C35 * IFERROR(VLOOKUP(J35, SETUP!$A:$D, 4, FALSE), 0)) -> 4 | G35: =IF(J35="","", F35 - (C35*IF(H35="",0,H35)) - IF(I35="",0,I35)) -> 4 | J35: =IF(TRIM(B35)="","",IF(ISNUMBER(SEARCH(" - ",B35)),TRIM(RIGHT(B35,LEN(B35)-FIND(" - ",B35)-2)),IFERROR(VLOOKUP(UPPER(TRIM(B35)), SETUP!$B$4:$C$11, 2, FALSE), UPPER(TRIM(B35))))) -> AMY | K35: =IF(A35="","", INT(A35) - WEEKDAY(INT(A35),2) + 1) -> 46055 | L35: =IF(A35="","", INT(A35)) -> 46055 | M35: =IF(A35="","",TEXT(L35,"yyyy-mm")) -> 2026-02
A36: 46055 | B36: AMY | C36: 62 | D36: 7 | E36: =IF(J36="","", C36 * IFERROR(VLOOKUP(J36, SETUP!$A:$D, 3, FALSE), 0)) -> 37.2 | F36: =IF(J36="","", C36 * IFERROR(VLOOKUP(J36, SETUP!$A:$D, 4, FALSE), 0)) -> 24.8 | G36: =IF(J36="","", F36 - (C36*IF(H36="",0,H36)) - IF(I36="",0,I36)) -> 24.8 | J36: =IF(TRIM(B36)="","",IF(ISNUMBER(SEARCH(" - ",B36)),TRIM(RIGHT(B36,LEN(B36)-FIND(" - ",B36)-2)),IFERROR(VLOOKUP(UPPER(TRIM(B36)), SETUP!$B$4:$C$11, 2, FALSE), UPPER(TRIM(B36))))) -> AMY | K36: =IF(A36="","", INT(A36) - WEEKDAY(INT(A36),2) + 1) -> 46055 | L36: =IF(A36="","", INT(A36)) -> 46055 | M36: =IF(A36="","",TEXT(L36,"yyyy-mm")) -> 2026-02
A37: 46055 | B37: AMY | C37: 40 | E37: =IF(J37="","", C37 * IFERROR(VLOOKUP(J37, SETUP!$A:$D, 3, FALSE), 0)) -> 24 | F37: =IF(J37="","", C37 * IFERROR(VLOOKUP(J37, SETUP!$A:$D, 4, FALSE), 0)) -> 16 | G37: =IF(J37="","", F37 - (C37*IF(H37="",0,H37)) - IF(I37="",0,I37)) -> 16 | J37: =IF(TRIM(B37)="","",IF(ISNUMBER(SEARCH(" - ",B37)),TRIM(RIGHT(B37,LEN(B37)-FIND(" - ",B37)-2)),IFERROR(VLOOKUP(UPPER(TRIM(B37)), SETUP!$B$4:$C$11, 2, FALSE), UPPER(TRIM(B37))))) -> AMY | K37: =IF(A37="","", INT(A37) - WEEKDAY(INT(A37),2) + 1) -> 46055 | L37: =IF(A37="","", INT(A37)) -> 46055 | M37: =IF(A37="","",TEXT(L37,"yyyy-mm")) -> 2026-02
A38: 46055 | B38: AMY | C38: 47 | E38: =IF(J38="","", C38 * IFERROR(VLOOKUP(J38, SETUP!$A:$D, 3, FALSE), 0)) -> 28.2 | F38: =IF(J38="","", C38 * IFERROR(VLOOKUP(J38, SETUP!$A:$D, 4, FALSE), 0)) -> 18.8 | G38: =IF(J38="","", F38 - (C38*IF(H38="",0,H38)) - IF(I38="",0,I38)) -> 18.8 | J38: =IF(TRIM(B38)="","",IF(ISNUMBER(SEARCH(" - ",B38)),TRIM(RIGHT(B38,LEN(B38)-FIND(" - ",B38)-2)),IFERROR(VLOOKUP(UPPER(TRIM(B38)), SETUP!$B$4:$C$11, 2, FALSE), UPPER(TRIM(B38))))) -> AMY | K38: =IF(A38="","", INT(A38) - WEEKDAY(INT(A38),2) + 1) -> 46055 | L38: =IF(A38="","", INT(A38)) -> 46055 | M38: =IF(A38="","",TEXT(L38,"yyyy-mm")) -> 2026-02
A39: 46055 | B39: TONY | C39: 47 | E39: =IF(J39="","", C39 * IFERROR(VLOOKUP(J39, SETUP!$A:$D, 3, FALSE), 0)) -> 28.2 | F39: =IF(J39="","", C39 * IFERROR(VLOOKUP(J39, SETUP!$A:$D, 4, FALSE), 0)) -> 18.8 | G39: =IF(J39="","", F39 - (C39*IF(H39="",0,H39)) - IF(I39="",0,I39)) -> 18.8 | J39: =IF(TRIM(B39)="","",IF(ISNUMBER(SEARCH(" - ",B39)),TRIM(RIGHT(B39,LEN(B39)-FIND(" - ",B39)-2)),IFERROR(VLOOKUP(UPPER(TRIM(B39)), SETUP!$B$4:$C$11, 2, FALSE), UPPER(TRIM(B39))))) -> TONY | K39: =IF(A39="","", INT(A39) - WEEKDAY(INT(A39),2) + 1) -> 46055 | L39: =IF(A39="","", INT(A39)) -> 46055 | M39: =IF(A39="","",TEXT(L39,"yyyy-mm")) -> 2026-02
A40: 46055 | B40: TONY | C40: 70 | D40: 10 | E40: =IF(J40="","", C40 * IFERROR(VLOOKUP(J40, SETUP!$A:$D, 3, FALSE), 0)) -> 42 | F40: =IF(J40="","", C40 * IFERROR(VLOOKUP(J40, SETUP!$A:$D, 4, FALSE), 0)) -> 28 | G40: =IF(J40="","", F40 - (C40*IF(H40="",0,H40)) - IF(I40="",0,I40)) -> 28 | J40: =IF(TRIM(B40)="","",IF(ISNUMBER(SEARCH(" - ",B40)),TRIM(RIGHT(B40,LEN(B40)-FIND(" - ",B40)-2)),IFERROR(VLOOKUP(UPPER(TRIM(B40)), SETUP!$B$4:$C$11, 2, FALSE), UPPER(TRIM(B40))))) -> TONY | K40: =IF(A40="","", INT(A40) - WEEKDAY(INT(A40),2) + 1) -> 46055 | L40: =IF(A40="","", INT(A40)) -> 46055 | M40: =IF(A40="","",TEXT(L40,"yyyy-mm")) -> 2026-02
A41: 46055 | B41: TONY | C41: 62 | E41: =IF(J41="","", C41 * IFERROR(VLOOKUP(J41, SETUP!$A:$D, 3, FALSE), 0)) -> 37.2 | F41: =IF(J41="","", C41 * IFERROR(VLOOKUP(J41, SETUP!$A:$D, 4, FALSE), 0)) -> 24.8 | G41: =IF(J41="","", F41 - (C41*IF(H41="",0,H41)) - IF(I41="",0,I41)) -> 24.8 | J41: =IF(TRIM(B41)="","",IF(ISNUMBER(SEARCH(" - ",B41)),TRIM(RIGHT(B41,LEN(B41)-FIND(" - ",B41)-2)),IFERROR(VLOOKUP(UPPER(TRIM(B41)), SETUP!$B$4:$C$11, 2, FALSE), UPPER(TRIM(B41))))) -> TONY | K41: =IF(A41="","", INT(A41) - WEEKDAY(INT(A41),2) + 1) -> 46055 | L41: =IF(A41="","", INT(A41)) -> 46055 | M41: =IF(A41="","",TEXT(L41,"yyyy-mm")) -> 2026-02
A42: 46055 | B42: TONY | C42: 20 | D42: 3 | E42: =IF(J42="","", C42 * IFERROR(VLOOKUP(J42, SETUP!$A:$D, 3, FALSE), 0)) -> 12 | F42: =IF(J42="","", C42 * IFERROR(VLOOKUP(J42, SETUP!$A:$D, 4, FALSE), 0)) -> 8 | G42: =IF(J42="","", F42 - (C42*IF(H42="",0,H42)) - IF(I42="",0,I42)) -> 8 | J42: =IF(TRIM(B42)="","",IF(ISNUMBER(SEARCH(" - ",B42)),TRIM(RIGHT(B42,LEN(B42)-FIND(" - ",B42)-2)),IFERROR(VLOOKUP(UPPER(TRIM(B42)), SETUP!$B$4:$C$11, 2, FALSE), UPPER(TRIM(B42))))) -> TONY | K42: =IF(A42="","", INT(A42) - WEEKDAY(INT(A42),2) + 1) -> 46055 | L42: =IF(A42="","", INT(A42)) -> 46055 | M42: =IF(A42="","",TEXT(L42,"yyyy-mm")) -> 2026-02
A43: 46055 | B43: TONY | C43: 52 | E43: =IF(J43="","", C43 * IFERROR(VLOOKUP(J43, SETUP!$A:$D, 3, FALSE), 0)) -> 31.2 | F43: =IF(J43="","", C43 * IFERROR(VLOOKUP(J43, SETUP!$A:$D, 4, FALSE), 0)) -> 20.8 | G43: =IF(J43="","", F43 - (C43*IF(H43="",0,H43)) - IF(I43="",0,I43)) -> 20.8 | J43: =IF(TRIM(B43)="","",IF(ISNUMBER(SEARCH(" - ",B43)),TRIM(RIGHT(B43,LEN(B43)-FIND(" - ",B43)-2)),IFERROR(VLOOKUP(UPPER(TRIM(B43)), SETUP!$B$4:$C$11, 2, FALSE), UPPER(TRIM(B43))))) -> TONY | K43: =IF(A43="","", INT(A43) - WEEKDAY(INT(A43),2) + 1) -> 46055 | L43: =IF(A43="","", INT(A43)) -> 46055 | M43: =IF(A43="","",TEXT(L43,"yyyy-mm")) -> 2026-02
A44: 46055 | B44: TONY | C44: 75 | E44: =IF(J44="","", C44 * IFERROR(VLOOKUP(J44, SETUP!$A:$D, 3, FALSE), 0)) -> 45 | F44: =IF(J44="","", C44 * IFERROR(VLOOKUP(J44, SETUP!$A:$D, 4, FALSE), 0)) -> 30 | G44: =IF(J44="","", F44 - (C44*IF(H44="",0,H44)) - IF(I44="",0,I44)) -> 30 | J44: =IF(TRIM(B44)="","",IF(ISNUMBER(SEARCH(" - ",B44)),TRIM(RIGHT(B44,LEN(B44)-FIND(" - ",B44)-2)),IFERROR(VLOOKUP(UPPER(TRIM(B44)), SETUP!$B$4:$C$11, 2, FALSE), UPPER(TRIM(B44))))) -> TONY | K44: =IF(A44="","", INT(A44) - WEEKDAY(INT(A44),2) + 1) -> 46055 | L44: =IF(A44="","", INT(A44)) -> 46055 | M44: =IF(A44="","",TEXT(L44,"yyyy-mm")) -> 2026-02
A45: 46056 | B45: KEN | C45: 100 | E45: =IF(J45="","", C45 * IFERROR(VLOOKUP(J45, SETUP!$A:$D, 3, FALSE), 0)) -> 0 | F45: =IF(J45="","", C45 * IFERROR(VLOOKUP(J45, SETUP!$A:$D, 4, FALSE), 0)) -> 100 | G45: =IF(J45="","", F45 - (C45*IF(H45="",0,H45)) - IF(I45="",0,I45)) -> 100 | J45: =IF(TRIM(B45)="","",IF(ISNUMBER(SEARCH(" - ",B45)),TRIM(RIGHT(B45,LEN(B45)-FIND(" - ",B45)-2)),IFERROR(VLOOKUP(UPPER(TRIM(B45)), SETUP!$B$4:$C$11, 2, FALSE), UPPER(TRIM(B45))))) -> KEN | K45: =IF(A45="","", INT(A45) - WEEKDAY(INT(A45),2) + 1) -> 46055 | L45: =IF(A45="","", INT(A45)) -> 46056 | M45: =IF(A45="","",TEXT(L45,"yyyy-mm")) -> 2026-02
A46: 46056 | B46: RYAN | C46: 67 | D46: 11 | E46: =IF(J46="","", C46 * IFERROR(VLOOKUP(J46, SETUP!$A:$D, 3, FALSE), 0)) -> 40.2 | F46: =IF(J46="","", C46 * IFERROR(VLOOKUP(J46, SETUP!$A:$D, 4, FALSE), 0)) -> 26.8 | G46: =IF(J46="","", F46 - (C46*IF(H46="",0,H46)) - IF(I46="",0,I46)) -> 26.8 | J46: =IF(TRIM(B46)="","",IF(ISNUMBER(SEARCH(" - ",B46)),TRIM(RIGHT(B46,LEN(B46)-FIND(" - ",B46)-2)),IFERROR(VLOOKUP(UPPER(TRIM(B46)), SETUP!$B$4:$C$11, 2, FALSE), UPPER(TRIM(B46))))) -> RYAN | K46: =IF(A46="","", INT(A46) - WEEKDAY(INT(A46),2) + 1) -> 46055 | L46: =IF(A46="","", INT(A46)) -> 46056 | M46: =IF(A46="","",TEXT(L46,"yyyy-mm")) -> 2026-02
A47: 46056 | B47: RYAN | C47: 77 | E47: =IF(J47="","", C47 * IFERROR(VLOOKUP(J47, SETUP!$A:$D, 3, FALSE), 0)) -> 46.2 | F47: =IF(J47="","", C47 * IFERROR(VLOOKUP(J47, SETUP!$A:$D, 4, FALSE), 0)) -> 30.8 | G47: =IF(J47="","", F47 - (C47*IF(H47="",0,H47)) - IF(I47="",0,I47)) -> 30.8 | J47: =IF(TRIM(B47)="","",IF(ISNUMBER(SEARCH(" - ",B47)),TRIM(RIGHT(B47,LEN(B47)-FIND(" - ",B47)-2)),IFERROR(VLOOKUP(UPPER(TRIM(B47)), SETUP!$B$4:$C$11, 2, FALSE), UPPER(TRIM(B47))))) -> RYAN | K47: =IF(A47="","", INT(A47) - WEEKDAY(INT(A47),2) + 1) -> 46055 | L47: =IF(A47="","", INT(A47)) -> 46056 | M47: =IF(A47="","",TEXT(L47,"yyyy-mm")) -> 2026-02
A48: 46056 | B48: RYAN | C48: 47 | E48: =IF(J48="","", C48 * IFERROR(VLOOKUP(J48, SETUP!$A:$D, 3, FALSE), 0)) -> 28.2 | F48: =IF(J48="","", C48 * IFERROR(VLOOKUP(J48, SETUP!$A:$D, 4, FALSE), 0)) -> 18.8 | G48: =IF(J48="","", F48 - (C48*IF(H48="",0,H48)) - IF(I48="",0,I48)) -> 18.8 | J48: =IF(TRIM(B48)="","",IF(ISNUMBER(SEARCH(" - ",B48)),TRIM(RIGHT(B48,LEN(B48)-FIND(" - ",B48)-2)),IFERROR(VLOOKUP(UPPER(TRIM(B48)), SETUP!$B$4:$C$11, 2, FALSE), UPPER(TRIM(B48))))) -> RYAN | K48: =IF(A48="","", INT(A48) - WEEKDAY(INT(A48),2) + 1) -> 46055 | L48: =IF(A48="","", INT(A48)) -> 46056 | M48: =IF(A48="","",TEXT(L48,"yyyy-mm")) -> 2026-02
A49: 46056 | B49: RYAN | C49: 57 | E49: =IF(J49="","", C49 * IFERROR(VLOOKUP(J49, SETUP!$A:$D, 3, FALSE), 0)) -> 34.2 | F49: =IF(J49="","", C49 * IFERROR(VLOOKUP(J49, SETUP!$A:$D, 4, FALSE), 0)) -> 22.8 | G49: =IF(J49="","", F49 - (C49*IF(H49="",0,H49)) - IF(I49="",0,I49)) -> 22.8 | J49: =IF(TRIM(B49)="","",IF(ISNUMBER(SEARCH(" - ",B49)),TRIM(RIGHT(B49,LEN(B49)-FIND(" - ",B49)-2)),IFERROR(VLOOKUP(UPPER(TRIM(B49)), SETUP!$B$4:$C$11, 2, FALSE), UPPER(TRIM(B49))))) -> RYAN | K49: =IF(A49="","", INT(A49) - WEEKDAY(INT(A49),2) + 1) -> 46055 | L49: =IF(A49="","", INT(A49)) -> 46056 | M49: =IF(A49="","",TEXT(L49,"yyyy-mm")) -> 2026-02
A50: 46056 | B50: RYAN | C50: 62 | E50: =IF(J50="","", C50 * IFERROR(VLOOKUP(J50, SETUP!$A:$D, 3, FALSE), 0)) -> 37.2 | F50: =IF(J50="","", C50 * IFERROR(VLOOKUP(J50, SETUP!$A:$D, 4, FALSE), 0)) -> 24.8 | G50: =IF(J50="","", F50 - (C50*IF(H50="",0,H50)) - IF(I50="",0,I50)) -> 24.8 | J50: =IF(TRIM(B50)="","",IF(ISNUMBER(SEARCH(" - ",B50)),TRIM(RIGHT(B50,LEN(B50)-FIND(" - ",B50)-2)),IFERROR(VLOOKUP(UPPER(TRIM(B50)), SETUP!$B$4:$C$11, 2, FALSE), UPPER(TRIM(B50))))) -> RYAN | K50: =IF(A50="","", INT(A50) - WEEKDAY(INT(A50),2) + 1) -> 46055 | L50: =IF(A50="","", INT(A50)) -> 46056 | M50: =IF(A50="","",TEXT(L50,"yyyy-mm")) -> 2026-02
A51: 46056 | B51: CRIS | C51: 50 | D51: 10 | E51: =IF(J51="","", C51 * IFERROR(VLOOKUP(J51, SETUP!$A:$D, 3, FALSE), 0)) -> 25 | F51: =IF(J51="","", C51 * IFERROR(VLOOKUP(J51, SETUP!$A:$D, 4, FALSE), 0)) -> 25 | G51: =IF(J51="","", F51 - (C51*IF(H51="",0,H51)) - IF(I51="",0,I51)) -> 25 | J51: =IF(TRIM(B51)="","",IF(ISNUMBER(SEARCH(" - ",B51)),TRIM(RIGHT(B51,LEN(B51)-FIND(" - ",B51)-2)),IFERROR(VLOOKUP(UPPER(TRIM(B51)), SETUP!$B$4:$C$11, 2, FALSE), UPPER(TRIM(B51))))) -> CRIS | K51: =IF(A51="","", INT(A51) - WEEKDAY(INT(A51),2) + 1) -> 46055 | L51: =IF(A51="","", INT(A51)) -> 46056 | M51: =IF(A51="","",TEXT(L51,"yyyy-mm")) -> 2026-02
A52: 46056 | B52: CRIS | C52: 40 | D52: 5 | E52: =IF(J52="","", C52 * IFERROR(VLOOKUP(J52, SETUP!$A:$D, 3, FALSE), 0)) -> 20 | F52: =IF(J52="","", C52 * IFERROR(VLOOKUP(J52, SETUP!$A:$D, 4, FALSE), 0)) -> 20 | G52: =IF(J52="","", F52 - (C52*IF(H52="",0,H52)) - IF(I52="",0,I52)) -> 20 | J52: =IF(TRIM(B52)="","",IF(ISNUMBER(SEARCH(" - ",B52)),TRIM(RIGHT(B52,LEN(B52)-FIND(" - ",B52)-2)),IFERROR(VLOOKUP(UPPER(TRIM(B52)), SETUP!$B$4:$C$11, 2, FALSE), UPPER(TRIM(B52))))) -> CRIS | K52: =IF(A52="","", INT(A52) - WEEKDAY(INT(A52),2) + 1) -> 46055 | L52: =IF(A52="","", INT(A52)) -> 46056 | M52: =IF(A52="","",TEXT(L52,"yyyy-mm")) -> 2026-02
A53: 46056 | B53: CRIS | C53: 35 | E53: =IF(J53="","", C53 * IFERROR(VLOOKUP(J53, SETUP!$A:$D, 3, FALSE), 0)) -> 17.5 | F53: =IF(J53="","", C53 * IFERROR(VLOOKUP(J53, SETUP!$A:$D, 4, FALSE), 0)) -> 17.5 | G53: =IF(J53="","", F53 - (C53*IF(H53="",0,H53)) - IF(I53="",0,I53)) -> 17.5 | J53: =IF(TRIM(B53)="","",IF(ISNUMBER(SEARCH(" - ",B53)),TRIM(RIGHT(B53,LEN(B53)-FIND(" - ",B53)-2)),IFERROR(VLOOKUP(UPPER(TRIM(B53)), SETUP!$B$4:$C$11, 2, FALSE), UPPER(TRIM(B53))))) -> CRIS | K53: =IF(A53="","", INT(A53) - WEEKDAY(INT(A53),2) + 1) -> 46055 | L53: =IF(A53="","", INT(A53)) -> 46056 | M53: =IF(A53="","",TEXT(L53,"yyyy-mm")) -> 2026-02
A54: 46056 | B54: HANNI | C54: 60 | E54: =IF(J54="","", C54 * IFERROR(VLOOKUP(J54, SETUP!$A:$D, 3, FALSE), 0)) -> 0 | F54: =IF(J54="","", C54 * IFERROR(VLOOKUP(J54, SETUP!$A:$D, 4, FALSE), 0)) -> 60 | G54: =IF(J54="","", F54 - (C54*IF(H54="",0,H54)) - IF(I54="",0,I54)) -> 60 | J54: =IF(TRIM(B54)="","",IF(ISNUMBER(SEARCH(" - ",B54)),TRIM(RIGHT(B54,LEN(B54)-FIND(" - ",B54)-2)),IFERROR(VLOOKUP(UPPER(TRIM(B54)), SETUP!$B$4:$C$11, 2, FALSE), UPPER(TRIM(B54))))) -> HANNI | K54: =IF(A54="","", INT(A54) - WEEKDAY(INT(A54),2) + 1) -> 46055 | L54: =IF(A54="","", INT(A54)) -> 46056 | M54: =IF(A54="","",TEXT(L54,"yyyy-mm")) -> 2026-02
A55: 46056 | B55: HANNI | C55: 57 | E55: =IF(J55="","", C55 * IFERROR(VLOOKUP(J55, SETUP!$A:$D, 3, FALSE), 0)) -> 0 | F55: =IF(J55="","", C55 * IFERROR(VLOOKUP(J55, SETUP!$A:$D, 4, FALSE), 0)) -> 57 | G55: =IF(J55="","", F55 - (C55*IF(H55="",0,H55)) - IF(I55="",0,I55)) -> 57 | J55: =IF(TRIM(B55)="","",IF(ISNUMBER(SEARCH(" - ",B55)),TRIM(RIGHT(B55,LEN(B55)-FIND(" - ",B55)-2)),IFERROR(VLOOKUP(UPPER(TRIM(B55)), SETUP!$B$4:$C$11, 2, FALSE), UPPER(TRIM(B55))))) -> HANNI | K55: =IF(A55="","", INT(A55) - WEEKDAY(INT(A55),2) + 1) -> 46055 | L55: =IF(A55="","", INT(A55)) -> 46056 | M55: =IF(A55="","",TEXT(L55,"yyyy-mm")) -> 2026-02
A56: 46056 | B56: AMY | C56: 47 | E56: =IF(J56="","", C56 * IFERROR(VLOOKUP(J56, SETUP!$A:$D, 3, FALSE), 0)) -> 28.2 | F56: =IF(J56="","", C56 * IFERROR(VLOOKUP(J56, SETUP!$A:$D, 4, FALSE), 0)) -> 18.8 | G56: =IF(J56="","", F56 - (C56*IF(H56="",0,H56)) - IF(I56="",0,I56)) -> 18.8 | J56: =IF(TRIM(B56)="","",IF(ISNUMBER(SEARCH(" - ",B56)),TRIM(RIGHT(B56,LEN(B56)-FIND(" - ",B56)-2)),IFERROR(VLOOKUP(UPPER(TRIM(B56)), SETUP!$B$4:$C$11, 2, FALSE), UPPER(TRIM(B56))))) -> AMY | K56: =IF(A56="","", INT(A56) - WEEKDAY(INT(A56),2) + 1) -> 46055 | L56: =IF(A56="","", INT(A56)) -> 46056 | M56: =IF(A56="","",TEXT(L56,"yyyy-mm")) -> 2026-02
A57: 46056 | B57: AMY | C57: 75 | E57: =IF(J57="","", C57 * IFERROR(VLOOKUP(J57, SETUP!$A:$D, 3, FALSE), 0)) -> 45 | F57: =IF(J57="","", C57 * IFERROR(VLOOKUP(J57, SETUP!$A:$D, 4, FALSE), 0)) -> 30 | G57: =IF(J57="","", F57 - (C57*IF(H57="",0,H57)) - IF(I57="",0,I57)) -> 30 | J57: =IF(TRIM(B57)="","",IF(ISNUMBER(SEARCH(" - ",B57)),TRIM(RIGHT(B57,LEN(B57)-FIND(" - ",B57)-2)),IFERROR(VLOOKUP(UPPER(TRIM(B57)), SETUP!$B$4:$C$11, 2, FALSE), UPPER(TRIM(B57))))) -> AMY | K57: =IF(A57="","", INT(A57) - WEEKDAY(INT(A57),2) + 1) -> 46055 | L57: =IF(A57="","", INT(A57)) -> 46056 | M57: =IF(A57="","",TEXT(L57,"yyyy-mm")) -> 2026-02
A58: 46056 | B58: AMY | C58: 75 | E58: =IF(J58="","", C58 * IFERROR(VLOOKUP(J58, SETUP!$A:$D, 3, FALSE), 0)) -> 45 | F58: =IF(J58="","", C58 * IFERROR(VLOOKUP(J58, SETUP!$A:$D, 4, FALSE), 0)) -> 30 | G58: =IF(J58="","", F58 - (C58*IF(H58="",0,H58)) - IF(I58="",0,I58)) -> 30 | J58: =IF(TRIM(B58)="","",IF(ISNUMBER(SEARCH(" - ",B58)),TRIM(RIGHT(B58,LEN(B58)-FIND(" - ",B58)-2)),IFERROR(VLOOKUP(UPPER(TRIM(B58)), SETUP!$B$4:$C$11, 2, FALSE), UPPER(TRIM(B58))))) -> AMY | K58: =IF(A58="","", INT(A58) - WEEKDAY(INT(A58),2) + 1) -> 46055 | L58: =IF(A58="","", INT(A58)) -> 46056 | M58: =IF(A58="","",TEXT(L58,"yyyy-mm")) -> 2026-02
A59: 46056 | B59: AMY | C59: 82 | E59: =IF(J59="","", C59 * IFERROR(VLOOKUP(J59, SETUP!$A:$D, 3, FALSE), 0)) -> 49.2 | F59: =IF(J59="","", C59 * IFERROR(VLOOKUP(J59, SETUP!$A:$D, 4, FALSE), 0)) -> 32.8 | G59: =IF(J59="","", F59 - (C59*IF(H59="",0,H59)) - IF(I59="",0,I59)) -> 32.8 | J59: =IF(TRIM(B59)="","",IF(ISNUMBER(SEARCH(" - ",B59)),TRIM(RIGHT(B59,LEN(B59)-FIND(" - ",B59)-2)),IFERROR(VLOOKUP(UPPER(TRIM(B59)), SETUP!$B$4:$C$11, 2, FALSE), UPPER(TRIM(B59))))) -> AMY | K59: =IF(A59="","", INT(A59) - WEEKDAY(INT(A59),2) + 1) -> 46055 | L59: =IF(A59="","", INT(A59)) -> 46056 | M59: =IF(A59="","",TEXT(L59,"yyyy-mm")) -> 2026-02
A60: 46056 | B60: TONY | C60: 40 | E60: =IF(J60="","", C60 * IFERROR(VLOOKUP(J60, SETUP!$A:$D, 3, FALSE), 0)) -> 24 | F60: =IF(J60="","", C60 * IFERROR(VLOOKUP(J60, SETUP!$A:$D, 4, FALSE), 0)) -> 16 | G60: =IF(J60="","", F60 - (C60*IF(H60="",0,H60)) - IF(I60="",0,I60)) -> 16 | J60: =IF(TRIM(B60)="","",IF(ISNUMBER(SEARCH(" - ",B60)),TRIM(RIGHT(B60,LEN(B60)-FIND(" - ",B60)-2)),IFERROR(VLOOKUP(UPPER(TRIM(B60)), SETUP!$B$4:$C$11, 2, FALSE), UPPER(TRIM(B60))))) -> TONY | K60: =IF(A60="","", INT(A60) - WEEKDAY(INT(A60),2) + 1) -> 46055 | L60: =IF(A60="","", INT(A60)) -> 46056 | M60: =IF(A60="","",TEXT(L60,"yyyy-mm")) -> 2026-02
A61: 46056 | B61: TONY | C61: 55 | E61: =IF(J61="","", C61 * IFERROR(VLOOKUP(J61, SETUP!$A:$D, 3, FALSE), 0)) -> 33 | F61: =IF(J61="","", C61 * IFERROR(VLOOKUP(J61, SETUP!$A:$D, 4, FALSE), 0)) -> 22 | G61: =IF(J61="","", F61 - (C61*IF(H61="",0,H61)) - IF(I61="",0,I61)) -> 22 | J61: =IF(TRIM(B61)="","",IF(ISNUMBER(SEARCH(" - ",B61)),TRIM(RIGHT(B61,LEN(B61)-FIND(" - ",B61)-2)),IFERROR(VLOOKUP(UPPER(TRIM(B61)), SETUP!$B$4:$C$11, 2, FALSE), UPPER(TRIM(B61))))) -> TONY | K61: =IF(A61="","", INT(A61) - WEEKDAY(INT(A61),2) + 1) -> 46055 | L61: =IF(A61="","", INT(A61)) -> 46056 | M61: =IF(A61="","",TEXT(L61,"yyyy-mm")) -> 2026-02
A62: 46056 | B62: TONY | C62: 90 | E62: =IF(J62="","", C62 * IFERROR(VLOOKUP(J62, SETUP!$A:$D, 3, FALSE), 0)) -> 54 | F62: =IF(J62="","", C62 * IFERROR(VLOOKUP(J62, SETUP!$A:$D, 4, FALSE), 0)) -> 36 | G62: =IF(J62="","", F62 - (C62*IF(H62="",0,H62)) - IF(I62="",0,I62)) -> 36 | J62: =IF(TRIM(B62)="","",IF(ISNUMBER(SEARCH(" - ",B62)),TRIM(RIGHT(B62,LEN(B62)-FIND(" - ",B62)-2)),IFERROR(VLOOKUP(UPPER(TRIM(B62)), SETUP!$B$4:$C$11, 2, FALSE), UPPER(TRIM(B62))))) -> TONY | K62: =IF(A62="","", INT(A62) - WEEKDAY(INT(A62),2) + 1) -> 46055 | L62: =IF(A62="","", INT(A62)) -> 46056 | M62: =IF(A62="","",TEXT(L62,"yyyy-mm")) -> 2026-02
A63: 46056 | B63: TONY | C63: 57 | E63: =IF(J63="","", C63 * IFERROR(VLOOKUP(J63, SETUP!$A:$D, 3, FALSE), 0)) -> 34.2 | F63: =IF(J63="","", C63 * IFERROR(VLOOKUP(J63, SETUP!$A:$D, 4, FALSE), 0)) -> 22.8 | G63: =IF(J63="","", F63 - (C63*IF(H63="",0,H63)) - IF(I63="",0,I63)) -> 22.8 | J63: =IF(TRIM(B63)="","",IF(ISNUMBER(SEARCH(" - ",B63)),TRIM(RIGHT(B63,LEN(B63)-FIND(" - ",B63)-2)),IFERROR(VLOOKUP(UPPER(TRIM(B63)), SETUP!$B$4:$C$11, 2, FALSE), UPPER(TRIM(B63))))) -> TONY | K63: =IF(A63="","", INT(A63) - WEEKDAY(INT(A63),2) + 1) -> 46055 | L63: =IF(A63="","", INT(A63)) -> 46056 | M63: =IF(A63="","",TEXT(L63,"yyyy-mm")) -> 2026-02
A64: 46056 | B64: TONY | C64: 77 | D64: 10 | E64: =IF(J64="","", C64 * IFERROR(VLOOKUP(J64, SETUP!$A:$D, 3, FALSE), 0)) -> 46.2 | F64: =IF(J64="","", C64 * IFERROR(VLOOKUP(J64, SETUP!$A:$D, 4, FALSE), 0)) -> 30.8 | G64: =IF(J64="","", F64 - (C64*IF(H64="",0,H64)) - IF(I64="",0,I64)) -> 30.8 | J64: =IF(TRIM(B64)="","",IF(ISNUMBER(SEARCH(" - ",B64)),TRIM(RIGHT(B64,LEN(B64)-FIND(" - ",B64)-2)),IFERROR(VLOOKUP(UPPER(TRIM(B64)), SETUP!$B$4:$C$11, 2, FALSE), UPPER(TRIM(B64))))) -> TONY | K64: =IF(A64="","", INT(A64) - WEEKDAY(INT(A64),2) + 1) -> 46055 | L64: =IF(A64="","", INT(A64)) -> 46056 | M64: =IF(A64="","",TEXT(L64,"yyyy-mm")) -> 2026-02
A65: 46057 | B65: KEN | C65: 95 | E65: =IF(J65="","", C65 * IFERROR(VLOOKUP(J65, SETUP!$A:$D, 3, FALSE), 0)) -> 0 | F65: =IF(J65="","", C65 * IFERROR(VLOOKUP(J65, SETUP!$A:$D, 4, FALSE), 0)) -> 95 | G65: =IF(J65="","", F65 - (C65*IF(H65="",0,H65)) - IF(I65="",0,I65)) -> 95 | J65: =IF(TRIM(B65)="","",IF(ISNUMBER(SEARCH(" - ",B65)),TRIM(RIGHT(B65,LEN(B65)-FIND(" - ",B65)-2)),IFERROR(VLOOKUP(UPPER(TRIM(B65)), SETUP!$B$4:$C$11, 2, FALSE), UPPER(TRIM(B65))))) -> KEN | K65: =IF(A65="","", INT(A65) - WEEKDAY(INT(A65),2) + 1) -> 46055 | L65: =IF(A65="","", INT(A65)) -> 46057 | M65: =IF(A65="","",TEXT(L65,"yyyy-mm")) -> 2026-02
A66: 46057 | B66: ken | C66: 15 | E66: =IF(J66="","", C66 * IFERROR(VLOOKUP(J66, SETUP!$A:$D, 3, FALSE), 0)) -> 0 | F66: =IF(J66="","", C66 * IFERROR(VLOOKUP(J66, SETUP!$A:$D, 4, FALSE), 0)) -> 15 | G66: =IF(J66="","", F66 - (C66*IF(H66="",0,H66)) - IF(I66="",0,I66)) -> 15 | J66: =IF(TRIM(B66)="","",IF(ISNUMBER(SEARCH(" - ",B66)),TRIM(RIGHT(B66,LEN(B66)-FIND(" - ",B66)-2)),IFERROR(VLOOKUP(UPPER(TRIM(B66)), SETUP!$B$4:$C$11, 2, FALSE), UPPER(TRIM(B66))))) -> KEN | K66: =IF(A66="","", INT(A66) - WEEKDAY(INT(A66),2) + 1) -> 46055 | L66: =IF(A66="","", INT(A66)) -> 46057 | M66: =IF(A66="","",TEXT(L66,"yyyy-mm")) -> 2026-02
A67: 46057 | B67: RYAN | C67: 137 | E67: =IF(J67="","", C67 * IFERROR(VLOOKUP(J67, SETUP!$A:$D, 3, FALSE), 0)) -> 82.2 | F67: =IF(J67="","", C67 * IFERROR(VLOOKUP(J67, SETUP!$A:$D, 4, FALSE), 0)) -> 54.8 | G67: =IF(J67="","", F67 - (C67*IF(H67="",0,H67)) - IF(I67="",0,I67)) -> 54.8 | J67: =IF(TRIM(B67)="","",IF(ISNUMBER(SEARCH(" - ",B67)),TRIM(RIGHT(B67,LEN(B67)-FIND(" - ",B67)-2)),IFERROR(VLOOKUP(UPPER(TRIM(B67)), SETUP!$B$4:$C$11, 2, FALSE), UPPER(TRIM(B67))))) -> RYAN | K67: =IF(A67="","", INT(A67) - WEEKDAY(INT(A67),2) + 1) -> 46055 | L67: =IF(A67="","", INT(A67)) -> 46057 | M67: =IF(A67="","",TEXT(L67,"yyyy-mm")) -> 2026-02
A68: 46057 | B68: RYAN | C68: 67 | D68: 15 | E68: =IF(J68="","", C68 * IFERROR(VLOOKUP(J68, SETUP!$A:$D, 3, FALSE), 0)) -> 40.2 | F68: =IF(J68="","", C68 * IFERROR(VLOOKUP(J68, SETUP!$A:$D, 4, FALSE), 0)) -> 26.8 | G68: =IF(J68="","", F68 - (C68*IF(H68="",0,H68)) - IF(I68="",0,I68)) -> 26.8 | J68: =IF(TRIM(B68)="","",IF(ISNUMBER(SEARCH(" - ",B68)),TRIM(RIGHT(B68,LEN(B68)-FIND(" - ",B68)-2)),IFERROR(VLOOKUP(UPPER(TRIM(B68)), SETUP!$B$4:$C$11, 2, FALSE), UPPER(TRIM(B68))))) -> RYAN | K68: =IF(A68="","", INT(A68) - WEEKDAY(INT(A68),2) + 1) -> 46055 | L68: =IF(A68="","", INT(A68)) -> 46057 | M68: =IF(A68="","",TEXT(L68,"yyyy-mm")) -> 2026-02
A69: 46057 | B69: RYAN | C69: 52 | D69: 20 | E69: =IF(J69="","", C69 * IFERROR(VLOOKUP(J69, SETUP!$A:$D, 3, FALSE), 0)) -> 31.2 | F69: =IF(J69="","", C69 * IFERROR(VLOOKUP(J69, SETUP!$A:$D, 4, FALSE), 0)) -> 20.8 | G69: =IF(J69="","", F69 - (C69*IF(H69="",0,H69)) - IF(I69="",0,I69)) -> 20.8 | J69: =IF(TRIM(B69)="","",IF(ISNUMBER(SEARCH(" - ",B69)),TRIM(RIGHT(B69,LEN(B69)-FIND(" - ",B69)-2)),IFERROR(VLOOKUP(UPPER(TRIM(B69)), SETUP!$B$4:$C$11, 2, FALSE), UPPER(TRIM(B69))))) -> RYAN | K69: =IF(A69="","", INT(A69) - WEEKDAY(INT(A69),2) + 1) -> 46055 | L69: =IF(A69="","", INT(A69)) -> 46057 | M69: =IF(A69="","",TEXT(L69,"yyyy-mm")) -> 2026-02
A70: 46057 | B70: RYAN | C70: 74 | D70: 10 | E70: =IF(J70="","", C70 * IFERROR(VLOOKUP(J70, SETUP!$A:$D, 3, FALSE), 0)) -> 44.4 | F70: =IF(J70="","", C70 * IFERROR(VLOOKUP(J70, SETUP!$A:$D, 4, FALSE), 0)) -> 29.6 | G70: =IF(J70="","", F70 - (C70*IF(H70="",0,H70)) - IF(I70="",0,I70)) -> 29.6 | J70: =IF(TRIM(B70)="","",IF(ISNUMBER(SEARCH(" - ",B70)),TRIM(RIGHT(B70,LEN(B70)-FIND(" - ",B70)-2)),IFERROR(VLOOKUP(UPPER(TRIM(B70)), SETUP!$B$4:$C$11, 2, FALSE), UPPER(TRIM(B70))))) -> RYAN | K70: =IF(A70="","", INT(A70) - WEEKDAY(INT(A70),2) + 1) -> 46055 | L70: =IF(A70="","", INT(A70)) -> 46057 | M70: =IF(A70="","",TEXT(L70,"yyyy-mm")) -> 2026-02
A71: 46057 | B71: RYAN | C71: 52 | E71: =IF(J71="","", C71 * IFERROR(VLOOKUP(J71, SETUP!$A:$D, 3, FALSE), 0)) -> 31.2 | F71: =IF(J71="","", C71 * IFERROR(VLOOKUP(J71, SETUP!$A:$D, 4, FALSE), 0)) -> 20.8 | G71: =IF(J71="","", F71 - (C71*IF(H71="",0,H71)) - IF(I71="",0,I71)) -> 20.8 | J71: =IF(TRIM(B71)="","",IF(ISNUMBER(SEARCH(" - ",B71)),TRIM(RIGHT(B71,LEN(B71)-FIND(" - ",B71)-2)),IFERROR(VLOOKUP(UPPER(TRIM(B71)), SETUP!$B$4:$C$11, 2, FALSE), UPPER(TRIM(B71))))) -> RYAN | K71: =IF(A71="","", INT(A71) - WEEKDAY(INT(A71),2) + 1) -> 46055 | L71: =IF(A71="","", INT(A71)) -> 46057 | M71: =IF(A71="","",TEXT(L71,"yyyy-mm")) -> 2026-02
A72: 46057 | B72: RYAN | C72: 62 | E72: =IF(J72="","", C72 * IFERROR(VLOOKUP(J72, SETUP!$A:$D, 3, FALSE), 0)) -> 37.2 | F72: =IF(J72="","", C72 * IFERROR(VLOOKUP(J72, SETUP!$A:$D, 4, FALSE), 0)) -> 24.8 | G72: =IF(J72="","", F72 - (C72*IF(H72="",0,H72)) - IF(I72="",0,I72)) -> 24.8 | J72: =IF(TRIM(B72)="","",IF(ISNUMBER(SEARCH(" - ",B72)),TRIM(RIGHT(B72,LEN(B72)-FIND(" - ",B72)-2)),IFERROR(VLOOKUP(UPPER(TRIM(B72)), SETUP!$B$4:$C$11, 2, FALSE), UPPER(TRIM(B72))))) -> RYAN | K72: =IF(A72="","", INT(A72) - WEEKDAY(INT(A72),2) + 1) -> 46055 | L72: =IF(A72="","", INT(A72)) -> 46057 | M72: =IF(A72="","",TEXT(L72,"yyyy-mm")) -> 2026-02
A73: 46057 | B73: RYAN | C73: 57 | E73: =IF(J73="","", C73 * IFERROR(VLOOKUP(J73, SETUP!$A:$D, 3, FALSE), 0)) -> 34.2 | F73: =IF(J73="","", C73 * IFERROR(VLOOKUP(J73, SETUP!$A:$D, 4, FALSE), 0)) -> 22.8 | G73: =IF(J73="","", F73 - (C73*IF(H73="",0,H73)) - IF(I73="",0,I73)) -> 22.8 | J73: =IF(TRIM(B73)="","",IF(ISNUMBER(SEARCH(" - ",B73)),TRIM(RIGHT(B73,LEN(B73)-FIND(" - ",B73)-2)),IFERROR(VLOOKUP(UPPER(TRIM(B73)), SETUP!$B$4:$C$11, 2, FALSE), UPPER(TRIM(B73))))) -> RYAN | K73: =IF(A73="","", INT(A73) - WEEKDAY(INT(A73),2) + 1) -> 46055 | L73: =IF(A73="","", INT(A73)) -> 46057 | M73: =IF(A73="","",TEXT(L73,"yyyy-mm")) -> 2026-02
A74: 46057 | B74: RYAN | C74: 50 | E74: =IF(J74="","", C74 * IFERROR(VLOOKUP(J74, SETUP!$A:$D, 3, FALSE), 0)) -> 30 | F74: =IF(J74="","", C74 * IFERROR(VLOOKUP(J74, SETUP!$A:$D, 4, FALSE), 0)) -> 20 | G74: =IF(J74="","", F74 - (C74*IF(H74="",0,H74)) - IF(I74="",0,I74)) -> 20 | J74: =IF(TRIM(B74)="","",IF(ISNUMBER(SEARCH(" - ",B74)),TRIM(RIGHT(B74,LEN(B74)-FIND(" - ",B74)-2)),IFERROR(VLOOKUP(UPPER(TRIM(B74)), SETUP!$B$4:$C$11, 2, FALSE), UPPER(TRIM(B74))))) -> RYAN | K74: =IF(A74="","", INT(A74) - WEEKDAY(INT(A74),2) + 1) -> 46055 | L74: =IF(A74="","", INT(A74)) -> 46057 | M74: =IF(A74="","",TEXT(L74,"yyyy-mm")) -> 2026-02
A75: 46057 | B75: RYAN | C75: 50 | E75: =IF(J75="","", C75 * IFERROR(VLOOKUP(J75, SETUP!$A:$D, 3, FALSE), 0)) -> 30 | F75: =IF(J75="","", C75 * IFERROR(VLOOKUP(J75, SETUP!$A:$D, 4, FALSE), 0)) -> 20 | G75: =IF(J75="","", F75 - (C75*IF(H75="",0,H75)) - IF(I75="",0,I75)) -> 20 | J75: =IF(TRIM(B75)="","",IF(ISNUMBER(SEARCH(" - ",B75)),TRIM(RIGHT(B75,LEN(B75)-FIND(" - ",B75)-2)),IFERROR(VLOOKUP(UPPER(TRIM(B75)), SETUP!$B$4:$C$11, 2, FALSE), UPPER(TRIM(B75))))) -> RYAN | K75: =IF(A75="","", INT(A75) - WEEKDAY(INT(A75),2) + 1) -> 46055 | L75: =IF(A75="","", INT(A75)) -> 46057 | M75: =IF(A75="","",TEXT(L75,"yyyy-mm")) -> 2026-02
A76: 46057 | B76: CRIS | C76: 85 | E76: =IF(J76="","", C76 * IFERROR(VLOOKUP(J76, SETUP!$A:$D, 3, FALSE), 0)) -> 42.5 | F76: =IF(J76="","", C76 * IFERROR(VLOOKUP(J76, SETUP!$A:$D, 4, FALSE), 0)) -> 42.5 | G76: =IF(J76="","", F76 - (C76*IF(H76="",0,H76)) - IF(I76="",0,I76)) -> 42.5 | J76: =IF(TRIM(B76)="","",IF(ISNUMBER(SEARCH(" - ",B76)),TRIM(RIGHT(B76,LEN(B76)-FIND(" - ",B76)-2)),IFERROR(VLOOKUP(UPPER(TRIM(B76)), SETUP!$B$4:$C$11, 2, FALSE), UPPER(TRIM(B76))))) -> CRIS | K76: =IF(A76="","", INT(A76) - WEEKDAY(INT(A76),2) + 1) -> 46055 | L76: =IF(A76="","", INT(A76)) -> 46057 | M76: =IF(A76="","",TEXT(L76,"yyyy-mm")) -> 2026-02
A77: 46057 | B77: CRIS | C77: 40 | E77: =IF(J77="","", C77 * IFERROR(VLOOKUP(J77, SETUP!$A:$D, 3, FALSE), 0)) -> 20 | F77: =IF(J77="","", C77 * IFERROR(VLOOKUP(J77, SETUP!$A:$D, 4, FALSE), 0)) -> 20 | G77: =IF(J77="","", F77 - (C77*IF(H77="",0,H77)) - IF(I77="",0,I77)) -> 20 | J77: =IF(TRIM(B77)="","",IF(ISNUMBER(SEARCH(" - ",B77)),TRIM(RIGHT(B77,LEN(B77)-FIND(" - ",B77)-2)),IFERROR(VLOOKUP(UPPER(TRIM(B77)), SETUP!$B$4:$C$11, 2, FALSE), UPPER(TRIM(B77))))) -> CRIS | K77: =IF(A77="","", INT(A77) - WEEKDAY(INT(A77),2) + 1) -> 46055 | L77: =IF(A77="","", INT(A77)) -> 46057 | M77: =IF(A77="","",TEXT(L77,"yyyy-mm")) -> 2026-02
A78: 46057 | B78: CRIS | C78: 50 | D78: 5 | E78: =IF(J78="","", C78 * IFERROR(VLOOKUP(J78, SETUP!$A:$D, 3, FALSE), 0)) -> 25 | F78: =IF(J78="","", C78 * IFERROR(VLOOKUP(J78, SETUP!$A:$D, 4, FALSE), 0)) -> 25 | G78: =IF(J78="","", F78 - (C78*IF(H78="",0,H78)) - IF(I78="",0,I78)) -> 25 | J78: =IF(TRIM(B78)="","",IF(ISNUMBER(SEARCH(" - ",B78)),TRIM(RIGHT(B78,LEN(B78)-FIND(" - ",B78)-2)),IFERROR(VLOOKUP(UPPER(TRIM(B78)), SETUP!$B$4:$C$11, 2, FALSE), UPPER(TRIM(B78))))) -> CRIS | K78: =IF(A78="","", INT(A78) - WEEKDAY(INT(A78),2) + 1) -> 46055 | L78: =IF(A78="","", INT(A78)) -> 46057 | M78: =IF(A78="","",TEXT(L78,"yyyy-mm")) -> 2026-02
A79: 46057 | B79: CRIS | C79: 50 | E79: =IF(J79="","", C79 * IFERROR(VLOOKUP(J79, SETUP!$A:$D, 3, FALSE), 0)) -> 25 | F79: =IF(J79="","", C79 * IFERROR(VLOOKUP(J79, SETUP!$A:$D, 4, FALSE), 0)) -> 25 | G79: =IF(J79="","", F79 - (C79*IF(H79="",0,H79)) - IF(I79="",0,I79)) -> 25 | J79: =IF(TRIM(B79)="","",IF(ISNUMBER(SEARCH(" - ",B79)),TRIM(RIGHT(B79,LEN(B79)-FIND(" - ",B79)-2)),IFERROR(VLOOKUP(UPPER(TRIM(B79)), SETUP!$B$4:$C$11, 2, FALSE), UPPER(TRIM(B79))))) -> CRIS | K79: =IF(A79="","", INT(A79) - WEEKDAY(INT(A79),2) + 1) -> 46055 | L79: =IF(A79="","", INT(A79)) -> 46057 | M79: =IF(A79="","",TEXT(L79,"yyyy-mm")) -> 2026-02
A80: 46057 | B80: CRIS | C80: 50 | E80: =IF(J80="","", C80 * IFERROR(VLOOKUP(J80, SETUP!$A:$D, 3, FALSE), 0)) -> 25 | F80: =IF(J80="","", C80 * IFERROR(VLOOKUP(J80, SETUP!$A:$D, 4, FALSE), 0)) -> 25 | G80: =IF(J80="","", F80 - (C80*IF(H80="",0,H80)) - IF(I80="",0,I80)) -> 25 | J80: =IF(TRIM(B80)="","",IF(ISNUMBER(SEARCH(" - ",B80)),TRIM(RIGHT(B80,LEN(B80)-FIND(" - ",B80)-2)),IFERROR(VLOOKUP(UPPER(TRIM(B80)), SETUP!$B$4:$C$11, 2, FALSE), UPPER(TRIM(B80))))) -> CRIS | K80: =IF(A80="","", INT(A80) - WEEKDAY(INT(A80),2) + 1) -> 46055 | L80: =IF(A80="","", INT(A80)) -> 46057 | M80: =IF(A80="","",TEXT(L80,"yyyy-mm")) -> 2026-02
A81: 46057 | B81: HANNI | C81: 47 | E81: =IF(J81="","", C81 * IFERROR(VLOOKUP(J81, SETUP!$A:$D, 3, FALSE), 0)) -> 0 | F81: =IF(J81="","", C81 * IFERROR(VLOOKUP(J81, SETUP!$A:$D, 4, FALSE), 0)) -> 47 | G81: =IF(J81="","", F81 - (C81*IF(H81="",0,H81)) - IF(I81="",0,I81)) -> 47 | J81: =IF(TRIM(B81)="","",IF(ISNUMBER(SEARCH(" - ",B81)),TRIM(RIGHT(B81,LEN(B81)-FIND(" - ",B81)-2)),IFERROR(VLOOKUP(UPPER(TRIM(B81)), SETUP!$B$4:$C$11, 2, FALSE), UPPER(TRIM(B81))))) -> HANNI | K81: =IF(A81="","", INT(A81) - WEEKDAY(INT(A81),2) + 1) -> 46055 | L81: =IF(A81="","", INT(A81)) -> 46057 | M81: =IF(A81="","",TEXT(L81,"yyyy-mm")) -> 2026-02
A82: 46057 | B82: HANNI | C82: 62 | D82: 10 | E82: =IF(J82="","", C82 * IFERROR(VLOOKUP(J82, SETUP!$A:$D, 3, FALSE), 0)) -> 0 | F82: =IF(J82="","", C82 * IFERROR(VLOOKUP(J82, SETUP!$A:$D, 4, FALSE), 0)) -> 62 | G82: =IF(J82="","", F82 - (C82*IF(H82="",0,H82)) - IF(I82="",0,I82)) -> 62 | J82: =IF(TRIM(B82)="","",IF(ISNUMBER(SEARCH(" - ",B82)),TRIM(RIGHT(B82,LEN(B82)-FIND(" - ",B82)-2)),IFERROR(VLOOKUP(UPPER(TRIM(B82)), SETUP!$B$4:$C$11, 2, FALSE), UPPER(TRIM(B82))))) -> HANNI | K82: =IF(A82="","", INT(A82) - WEEKDAY(INT(A82),2) + 1) -> 46055 | L82: =IF(A82="","", INT(A82)) -> 46057 | M82: =IF(A82="","",TEXT(L82,"yyyy-mm")) -> 2026-02
A83: 46057 | B83: AMY | C83: 92 | E83: =IF(J83="","", C83 * IFERROR(VLOOKUP(J83, SETUP!$A:$D, 3, FALSE), 0)) -> 55.2 | F83: =IF(J83="","", C83 * IFERROR(VLOOKUP(J83, SETUP!$A:$D, 4, FALSE), 0)) -> 36.8 | G83: =IF(J83="","", F83 - (C83*IF(H83="",0,H83)) - IF(I83="",0,I83)) -> 36.8 | J83: =IF(TRIM(B83)="","",IF(ISNUMBER(SEARCH(" - ",B83)),TRIM(RIGHT(B83,LEN(B83)-FIND(" - ",B83)-2)),IFERROR(VLOOKUP(UPPER(TRIM(B83)), SETUP!$B$4:$C$11, 2, FALSE), UPPER(TRIM(B83))))) -> AMY | K83: =IF(A83="","", INT(A83) - WEEKDAY(INT(A83),2) + 1) -> 46055 | L83: =IF(A83="","", INT(A83)) -> 46057 | M83: =IF(A83="","",TEXT(L83,"yyyy-mm")) -> 2026-02
A84: 46057 | B84: AMY | C84: 72 | D84: 4 | E84: =IF(J84="","", C84 * IFERROR(VLOOKUP(J84, SETUP!$A:$D, 3, FALSE), 0)) -> 43.2 | F84: =IF(J84="","", C84 * IFERROR(VLOOKUP(J84, SETUP!$A:$D, 4, FALSE), 0)) -> 28.8 | G84: =IF(J84="","", F84 - (C84*IF(H84="",0,H84)) - IF(I84="",0,I84)) -> 28.8 | J84: =IF(TRIM(B84)="","",IF(ISNUMBER(SEARCH(" - ",B84)),TRIM(RIGHT(B84,LEN(B84)-FIND(" - ",B84)-2)),IFERROR(VLOOKUP(UPPER(TRIM(B84)), SETUP!$B$4:$C$11, 2, FALSE), UPPER(TRIM(B84))))) -> AMY | K84: =IF(A84="","", INT(A84) - WEEKDAY(INT(A84),2) + 1) -> 46055 | L84: =IF(A84="","", INT(A84)) -> 46057 | M84: =IF(A84="","",TEXT(L84,"yyyy-mm")) -> 2026-02
A85: 46057 | B85: AMY | C85: 57 | E85: =IF(J85="","", C85 * IFERROR(VLOOKUP(J85, SETUP!$A:$D, 3, FALSE), 0)) -> 34.2 | F85: =IF(J85="","", C85 * IFERROR(VLOOKUP(J85, SETUP!$A:$D, 4, FALSE), 0)) -> 22.8 | G85: =IF(J85="","", F85 - (C85*IF(H85="",0,H85)) - IF(I85="",0,I85)) -> 22.8 | J85: =IF(TRIM(B85)="","",IF(ISNUMBER(SEARCH(" - ",B85)),TRIM(RIGHT(B85,LEN(B85)-FIND(" - ",B85)-2)),IFERROR(VLOOKUP(UPPER(TRIM(B85)), SETUP!$B$4:$C$11, 2, FALSE), UPPER(TRIM(B85))))) -> AMY | K85: =IF(A85="","", INT(A85) - WEEKDAY(INT(A85),2) + 1) -> 46055 | L85: =IF(A85="","", INT(A85)) -> 46057 | M85: =IF(A85="","",TEXT(L85,"yyyy-mm")) -> 2026-02
A86: 46057 | B86: AMY | C86: 70 | D86: 10 | E86: =IF(J86="","", C86 * IFERROR(VLOOKUP(J86, SETUP!$A:$D, 3, FALSE), 0)) -> 42 | F86: =IF(J86="","", C86 * IFERROR(VLOOKUP(J86, SETUP!$A:$D, 4, FALSE), 0)) -> 28 | G86: =IF(J86="","", F86 - (C86*IF(H86="",0,H86)) - IF(I86="",0,I86)) -> 28 | J86: =IF(TRIM(B86)="","",IF(ISNUMBER(SEARCH(" - ",B86)),TRIM(RIGHT(B86,LEN(B86)-FIND(" - ",B86)-2)),IFERROR(VLOOKUP(UPPER(TRIM(B86)), SETUP!$B$4:$C$11, 2, FALSE), UPPER(TRIM(B86))))) -> AMY | K86: =IF(A86="","", INT(A86) - WEEKDAY(INT(A86),2) + 1) -> 46055 | L86: =IF(A86="","", INT(A86)) -> 46057 | M86: =IF(A86="","",TEXT(L86,"yyyy-mm")) -> 2026-02
A87: 46057 | B87: AMY | C87: 80 | E87: =IF(J87="","", C87 * IFERROR(VLOOKUP(J87, SETUP!$A:$D, 3, FALSE), 0)) -> 48 | F87: =IF(J87="","", C87 * IFERROR(VLOOKUP(J87, SETUP!$A:$D, 4, FALSE), 0)) -> 32 | G87: =IF(J87="","", F87 - (C87*IF(H87="",0,H87)) - IF(I87="",0,I87)) -> 32 | J87: =IF(TRIM(B87)="","",IF(ISNUMBER(SEARCH(" - ",B87)),TRIM(RIGHT(B87,LEN(B87)-FIND(" - ",B87)-2)),IFERROR(VLOOKUP(UPPER(TRIM(B87)), SETUP!$B$4:$C$11, 2, FALSE), UPPER(TRIM(B87))))) -> AMY | K87: =IF(A87="","", INT(A87) - WEEKDAY(INT(A87),2) + 1) -> 46055 | L87: =IF(A87="","", INT(A87)) -> 46057 | M87: =IF(A87="","",TEXT(L87,"yyyy-mm")) -> 2026-02
A88: 46057 | B88: AMY | C88: 62 | D88: 10 | E88: =IF(J88="","", C88 * IFERROR(VLOOKUP(J88, SETUP!$A:$D, 3, FALSE), 0)) -> 37.2 | F88: =IF(J88="","", C88 * IFERROR(VLOOKUP(J88, SETUP!$A:$D, 4, FALSE), 0)) -> 24.8 | G88: =IF(J88="","", F88 - (C88*IF(H88="",0,H88)) - IF(I88="",0,I88)) -> 24.8 | J88: =IF(TRIM(B88)="","",IF(ISNUMBER(SEARCH(" - ",B88)),TRIM(RIGHT(B88,LEN(B88)-FIND(" - ",B88)-2)),IFERROR(VLOOKUP(UPPER(TRIM(B88)), SETUP!$B$4:$C$11, 2, FALSE), UPPER(TRIM(B88))))) -> AMY | K88: =IF(A88="","", INT(A88) - WEEKDAY(INT(A88),2) + 1) -> 46055 | L88: =IF(A88="","", INT(A88)) -> 46057 | M88: =IF(A88="","",TEXT(L88,"yyyy-mm")) -> 2026-02
A89: 46057 | B89: AMY | C89: 30 | E89: =IF(J89="","", C89 * IFERROR(VLOOKUP(J89, SETUP!$A:$D, 3, FALSE), 0)) -> 18 | F89: =IF(J89="","", C89 * IFERROR(VLOOKUP(J89, SETUP!$A:$D, 4, FALSE), 0)) -> 12 | G89: =IF(J89="","", F89 - (C89*IF(H89="",0,H89)) - IF(I89="",0,I89)) -> 12 | J89: =IF(TRIM(B89)="","",IF(ISNUMBER(SEARCH(" - ",B89)),TRIM(RIGHT(B89,LEN(B89)-FIND(" - ",B89)-2)),IFERROR(VLOOKUP(UPPER(TRIM(B89)), SETUP!$B$4:$C$11, 2, FALSE), UPPER(TRIM(B89))))) -> AMY | K89: =IF(A89="","", INT(A89) - WEEKDAY(INT(A89),2) + 1) -> 46055 | L89: =IF(A89="","", INT(A89)) -> 46057 | M89: =IF(A89="","",TEXT(L89,"yyyy-mm")) -> 2026-02
A90: 46057 | B90: AMY | C90: 92 | E90: =IF(J90="","", C90 * IFERROR(VLOOKUP(J90, SETUP!$A:$D, 3, FALSE), 0)) -> 55.2 | F90: =IF(J90="","", C90 * IFERROR(VLOOKUP(J90, SETUP!$A:$D, 4, FALSE), 0)) -> 36.8 | G90: =IF(J90="","", F90 - (C90*IF(H90="",0,H90)) - IF(I90="",0,I90)) -> 36.8 | J90: =IF(TRIM(B90)="","",IF(ISNUMBER(SEARCH(" - ",B90)),TRIM(RIGHT(B90,LEN(B90)-FIND(" - ",B90)-2)),IFERROR(VLOOKUP(UPPER(TRIM(B90)), SETUP!$B$4:$C$11, 2, FALSE), UPPER(TRIM(B90))))) -> AMY | K90: =IF(A90="","", INT(A90) - WEEKDAY(INT(A90),2) + 1) -> 46055 | L90: =IF(A90="","", INT(A90)) -> 46057 | M90: =IF(A90="","",TEXT(L90,"yyyy-mm")) -> 2026-02
A91: 46057 | B91: TONY | C91: 112 | E91: =IF(J91="","", C91 * IFERROR(VLOOKUP(J91, SETUP!$A:$D, 3, FALSE), 0)) -> 67.2 | F91: =IF(J91="","", C91 * IFERROR(VLOOKUP(J91, SETUP!$A:$D, 4, FALSE), 0)) -> 44.8 | G91: =IF(J91="","", F91 - (C91*IF(H91="",0,H91)) - IF(I91="",0,I91)) -> 44.8 | J91: =IF(TRIM(B91)="","",IF(ISNUMBER(SEARCH(" - ",B91)),TRIM(RIGHT(B91,LEN(B91)-FIND(" - ",B91)-2)),IFERROR(VLOOKUP(UPPER(TRIM(B91)), SETUP!$B$4:$C$11, 2, FALSE), UPPER(TRIM(B91))))) -> TONY | K91: =IF(A91="","", INT(A91) - WEEKDAY(INT(A91),2) + 1) -> 46055 | L91: =IF(A91="","", INT(A91)) -> 46057 | M91: =IF(A91="","",TEXT(L91,"yyyy-mm")) -> 2026-02
A92: 46057 | B92: TONY | C92: 67 | E92: =IF(J92="","", C92 * IFERROR(VLOOKUP(J92, SETUP!$A:$D, 3, FALSE), 0)) -> 40.2 | F92: =IF(J92="","", C92 * IFERROR(VLOOKUP(J92, SETUP!$A:$D, 4, FALSE), 0)) -> 26.8 | G92: =IF(J92="","", F92 - (C92*IF(H92="",0,H92)) - IF(I92="",0,I92)) -> 26.8 | J92: =IF(TRIM(B92)="","",IF(ISNUMBER(SEARCH(" - ",B92)),TRIM(RIGHT(B92,LEN(B92)-FIND(" - ",B92)-2)),IFERROR(VLOOKUP(UPPER(TRIM(B92)), SETUP!$B$4:$C$11, 2, FALSE), UPPER(TRIM(B92))))) -> TONY | K92: =IF(A92="","", INT(A92) - WEEKDAY(INT(A92),2) + 1) -> 46055 | L92: =IF(A92="","", INT(A92)) -> 46057 | M92: =IF(A92="","",TEXT(L92,"yyyy-mm")) -> 2026-02
A93: 46057 | B93: TONY | C93: 52 | E93: =IF(J93="","", C93 * IFERROR(VLOOKUP(J93, SETUP!$A:$D, 3, FALSE), 0)) -> 31.2 | F93: =IF(J93="","", C93 * IFERROR(VLOOKUP(J93, SETUP!$A:$D, 4, FALSE), 0)) -> 20.8 | G93: =IF(J93="","", F93 - (C93*IF(H93="",0,H93)) - IF(I93="",0,I93)) -> 20.8 | J93: =IF(TRIM(B93)="","",IF(ISNUMBER(SEARCH(" - ",B93)),TRIM(RIGHT(B93,LEN(B93)-FIND(" - ",B93)-2)),IFERROR(VLOOKUP(UPPER(TRIM(B93)), SETUP!$B$4:$C$11, 2, FALSE), UPPER(TRIM(B93))))) -> TONY | K93: =IF(A93="","", INT(A93) - WEEKDAY(INT(A93),2) + 1) -> 46055 | L93: =IF(A93="","", INT(A93)) -> 46057 | M93: =IF(A93="","",TEXT(L93,"yyyy-mm")) -> 2026-02
A94: 46057 | B94: TONY | C94: 72 | E94: =IF(J94="","", C94 * IFERROR(VLOOKUP(J94, SETUP!$A:$D, 3, FALSE), 0)) -> 43.2 | F94: =IF(J94="","", C94 * IFERROR(VLOOKUP(J94, SETUP!$A:$D, 4, FALSE), 0)) -> 28.8 | G94: =IF(J94="","", F94 - (C94*IF(H94="",0,H94)) - IF(I94="",0,I94)) -> 28.8 | J94: =IF(TRIM(B94)="","",IF(ISNUMBER(SEARCH(" - ",B94)),TRIM(RIGHT(B94,LEN(B94)-FIND(" - ",B94)-2)),IFERROR(VLOOKUP(UPPER(TRIM(B94)), SETUP!$B$4:$C$11, 2, FALSE), UPPER(TRIM(B94))))) -> TONY | K94: =IF(A94="","", INT(A94) - WEEKDAY(INT(A94),2) + 1) -> 46055 | L94: =IF(A94="","", INT(A94)) -> 46057 | M94: =IF(A94="","",TEXT(L94,"yyyy-mm")) -> 2026-02
A95: 46057 | B95: TONY | C95: 67 | D95: 15 | E95: =IF(J95="","", C95 * IFERROR(VLOOKUP(J95, SETUP!$A:$D, 3, FALSE), 0)) -> 40.2 | F95: =IF(J95="","", C95 * IFERROR(VLOOKUP(J95, SETUP!$A:$D, 4, FALSE), 0)) -> 26.8 | G95: =IF(J95="","", F95 - (C95*IF(H95="",0,H95)) - IF(I95="",0,I95)) -> 26.8 | J95: =IF(TRIM(B95)="","",IF(ISNUMBER(SEARCH(" - ",B95)),TRIM(RIGHT(B95,LEN(B95)-FIND(" - ",B95)-2)),IFERROR(VLOOKUP(UPPER(TRIM(B95)), SETUP!$B$4:$C$11, 2, FALSE), UPPER(TRIM(B95))))) -> TONY | K95: =IF(A95="","", INT(A95) - WEEKDAY(INT(A95),2) + 1) -> 46055 | L95: =IF(A95="","", INT(A95)) -> 46057 | M95: =IF(A95="","",TEXT(L95,"yyyy-mm")) -> 2026-02
A96: 46057 | B96: TONY | C96: 80 | E96: =IF(J96="","", C96 * IFERROR(VLOOKUP(J96, SETUP!$A:$D, 3, FALSE), 0)) -> 48 | F96: =IF(J96="","", C96 * IFERROR(VLOOKUP(J96, SETUP!$A:$D, 4, FALSE), 0)) -> 32 | G96: =IF(J96="","", F96 - (C96*IF(H96="",0,H96)) - IF(I96="",0,I96)) -> 32 | J96: =IF(TRIM(B96)="","",IF(ISNUMBER(SEARCH(" - ",B96)),TRIM(RIGHT(B96,LEN(B96)-FIND(" - ",B96)-2)),IFERROR(VLOOKUP(UPPER(TRIM(B96)), SETUP!$B$4:$C$11, 2, FALSE), UPPER(TRIM(B96))))) -> TONY | K96: =IF(A96="","", INT(A96) - WEEKDAY(INT(A96),2) + 1) -> 46055 | L96: =IF(A96="","", INT(A96)) -> 46057 | M96: =IF(A96="","",TEXT(L96,"yyyy-mm")) -> 2026-02
A97: 46057 | B97: TONY | C97: 35 | E97: =IF(J97="","", C97 * IFERROR(VLOOKUP(J97, SETUP!$A:$D, 3, FALSE), 0)) -> 21 | F97: =IF(J97="","", C97 * IFERROR(VLOOKUP(J97, SETUP!$A:$D, 4, FALSE), 0)) -> 14 | G97: =IF(J97="","", F97 - (C97*IF(H97="",0,H97)) - IF(I97="",0,I97)) -> 14 | J97: =IF(TRIM(B97)="","",IF(ISNUMBER(SEARCH(" - ",B97)),TRIM(RIGHT(B97,LEN(B97)-FIND(" - ",B97)-2)),IFERROR(VLOOKUP(UPPER(TRIM(B97)), SETUP!$B$4:$C$11, 2, FALSE), UPPER(TRIM(B97))))) -> TONY | K97: =IF(A97="","", INT(A97) - WEEKDAY(INT(A97),2) + 1) -> 46055 | L97: =IF(A97="","", INT(A97)) -> 46057 | M97: =IF(A97="","",TEXT(L97,"yyyy-mm")) -> 2026-02
A98: 46057 | B98: TONY | C98: 82 | E98: =IF(J98="","", C98 * IFERROR(VLOOKUP(J98, SETUP!$A:$D, 3, FALSE), 0)) -> 49.2 | F98: =IF(J98="","", C98 * IFERROR(VLOOKUP(J98, SETUP!$A:$D, 4, FALSE), 0)) -> 32.8 | G98: =IF(J98="","", F98 - (C98*IF(H98="",0,H98)) - IF(I98="",0,I98)) -> 32.8 | J98: =IF(TRIM(B98)="","",IF(ISNUMBER(SEARCH(" - ",B98)),TRIM(RIGHT(B98,LEN(B98)-FIND(" - ",B98)-2)),IFERROR(VLOOKUP(UPPER(TRIM(B98)), SETUP!$B$4:$C$11, 2, FALSE), UPPER(TRIM(B98))))) -> TONY | K98: =IF(A98="","", INT(A98) - WEEKDAY(INT(A98),2) + 1) -> 46055 | L98: =IF(A98="","", INT(A98)) -> 46057 | M98: =IF(A98="","",TEXT(L98,"yyyy-mm")) -> 2026-02
A99: 46058 | B99: KEN | C99: 67 | E99: =IF(J99="","", C99 * IFERROR(VLOOKUP(J99, SETUP!$A:$D, 3, FALSE), 0)) -> 0 | F99: =IF(J99="","", C99 * IFERROR(VLOOKUP(J99, SETUP!$A:$D, 4, FALSE), 0)) -> 67 | G99: =IF(J99="","", F99 - (C99*IF(H99="",0,H99)) - IF(I99="",0,I99)) -> 67 | J99: =IF(TRIM(B99)="","",IF(ISNUMBER(SEARCH(" - ",B99)),TRIM(RIGHT(B99,LEN(B99)-FIND(" - ",B99)-2)),IFERROR(VLOOKUP(UPPER(TRIM(B99)), SETUP!$B$4:$C$11, 2, FALSE), UPPER(TRIM(B99))))) -> KEN | K99: =IF(A99="","", INT(A99) - WEEKDAY(INT(A99),2) + 1) -> 46055 | L99: =IF(A99="","", INT(A99)) -> 46058 | M99: =IF(A99="","",TEXT(L99,"yyyy-mm")) -> 2026-02
A100: 46058 | B100: KEN | C100: 65 | E100: =IF(J100="","", C100 * IFERROR(VLOOKUP(J100, SETUP!$A:$D, 3, FALSE), 0)) -> 0 | F100: =IF(J100="","", C100 * IFERROR(VLOOKUP(J100, SETUP!$A:$D, 4, FALSE), 0)) -> 65 | G100: =IF(J100="","", F100 - (C100*IF(H100="",0,H100)) - IF(I100="",0,I100)) -> 65 | J100: =IF(TRIM(B100)="","",IF(ISNUMBER(SEARCH(" - ",B100)),TRIM(RIGHT(B100,LEN(B100)-FIND(" - ",B100)-2)),IFERROR(VLOOKUP(UPPER(TRIM(B100)), SETUP!$B$4:$C$11, 2, FALSE), UPPER(TRIM(B100))))) -> KEN | K100: =IF(A100="","", INT(A100) - WEEKDAY(INT(A100),2) + 1) -> 46055 | L100: =IF(A100="","", INT(A100)) -> 46058 | M100: =IF(A100="","",TEXT(L100,"yyyy-mm")) -> 2026-02
A101: 46058 | B101: KEN | C101: 40 | E101: =IF(J101="","", C101 * IFERROR(VLOOKUP(J101, SETUP!$A:$D, 3, FALSE), 0)) -> 0 | F101: =IF(J101="","", C101 * IFERROR(VLOOKUP(J101, SETUP!$A:$D, 4, FALSE), 0)) -> 40 | G101: =IF(J101="","", F101 - (C101*IF(H101="",0,H101)) - IF(I101="",0,I101)) -> 40 | J101: =IF(TRIM(B101)="","",IF(ISNUMBER(SEARCH(" - ",B101)),TRIM(RIGHT(B101,LEN(B101)-FIND(" - ",B101)-2)),IFERROR(VLOOKUP(UPPER(TRIM(B101)), SETUP!$B$4:$C$11, 2, FALSE), UPPER(TRIM(B101))))) -> KEN | K101: =IF(A101="","", INT(A101) - WEEKDAY(INT(A101),2) + 1) -> 46055 | L101: =IF(A101="","", INT(A101)) -> 46058 | M101: =IF(A101="","",TEXT(L101,"yyyy-mm")) -> 2026-02
...

Sheet DAILY_VIEW
A1: DAILY_VIEW - Chọn 1 ngày -> thấy chi tiết từng khách + tổng theo thợ
A3: Selected Date: | B3: 46082
A5: Date | B5: Tech | C5: Service | D5: Discount % | E5: Gift Card | F5: Tip | G5: Tech Share | H5: Salon Share | I5: Salon Net | L5: Tech | M5: # Khách | N5: Service | O5: Tech Share | P5: Tip | Q5: Salon Net
A6: =IFERROR(__xludf.DUMMYFUNCTION("IFERROR(FILTER({INPUT!A:A,INPUT!J:J,INPUT!C:C,INPUT!H:H,INPUT!I:I,INPUT!D:D,INPUT!E:E,INPUT!F:F,INPUT!G:G}, INPUT!L:L=INT($B$3)), """")"),46082.0) -> 46082 | B6: =IFERROR(__xludf.DUMMYFUNCTION("""COMPUTED_VALUE"""),"RYAN") -> RYAN | C6: =IFERROR(__xludf.DUMMYFUNCTION("""COMPUTED_VALUE"""),72.0) -> 72 | G6: =IFERROR(__xludf.DUMMYFUNCTION("""COMPUTED_VALUE"""),43.199999999999996) -> 43.2 | H6: =IFERROR(__xludf.DUMMYFUNCTION("""COMPUTED_VALUE"""),28.8) -> 28.8 | I6: =IFERROR(__xludf.DUMMYFUNCTION("""COMPUTED_VALUE"""),28.8) -> 28.8 | L6: KEN | M6: =COUNTIFS(INPUT!J:J,$L6, INPUT!L:L, INT($B$3)) -> 0 | N6: =SUMIFS(INPUT!C:C, INPUT!J:J,$L6, INPUT!L:L, INT($B$3)) -> 0 | O6: =SUMIFS(INPUT!E:E, INPUT!J:J,$L6, INPUT!L:L, INT($B$3)) -> 0 | P6: =SUMIFS(INPUT!D:D, INPUT!J:J,$L6, INPUT!L:L, INT($B$3)) -> 0 | Q6: =SUMIFS(INPUT!G:G, INPUT!J:J,$L6, INPUT!L:L, INT($B$3)) -> 0
A7: =IFERROR(__xludf.DUMMYFUNCTION("""COMPUTED_VALUE"""),46082.0) -> 46082 | B7: =IFERROR(__xludf.DUMMYFUNCTION("""COMPUTED_VALUE"""),"RYAN") -> RYAN | C7: =IFERROR(__xludf.DUMMYFUNCTION("""COMPUTED_VALUE"""),57.0) -> 57 | G7: =IFERROR(__xludf.DUMMYFUNCTION("""COMPUTED_VALUE"""),34.199999999999996) -> 34.2 | H7: =IFERROR(__xludf.DUMMYFUNCTION("""COMPUTED_VALUE"""),22.8) -> 22.8 | I7: =IFERROR(__xludf.DUMMYFUNCTION("""COMPUTED_VALUE"""),22.8) -> 22.8 | L7: RYAN | M7: =COUNTIFS(INPUT!J:J,$L7, INPUT!L:L, INT($B$3)) -> 4 | N7: =SUMIFS(INPUT!C:C, INPUT!J:J,$L7, INPUT!L:L, INT($B$3)) -> 259 | O7: =SUMIFS(INPUT!E:E, INPUT!J:J,$L7, INPUT!L:L, INT($B$3)) -> 155.4 | P7: =SUMIFS(INPUT!D:D, INPUT!J:J,$L7, INPUT!L:L, INT($B$3)) -> 0 | Q7: =SUMIFS(INPUT!G:G, INPUT!J:J,$L7, INPUT!L:L, INT($B$3)) -> 103.6
A8: =IFERROR(__xludf.DUMMYFUNCTION("""COMPUTED_VALUE"""),46082.0) -> 46082 | B8: =IFERROR(__xludf.DUMMYFUNCTION("""COMPUTED_VALUE"""),"RYAN") -> RYAN | C8: =IFERROR(__xludf.DUMMYFUNCTION("""COMPUTED_VALUE"""),65.0) -> 65 | G8: =IFERROR(__xludf.DUMMYFUNCTION("""COMPUTED_VALUE"""),39.0) -> 39 | H8: =IFERROR(__xludf.DUMMYFUNCTION("""COMPUTED_VALUE"""),26.0) -> 26 | I8: =IFERROR(__xludf.DUMMYFUNCTION("""COMPUTED_VALUE"""),26.0) -> 26 | L8: CRIS | M8: =COUNTIFS(INPUT!J:J,$L8, INPUT!L:L, INT($B$3)) -> 3 | N8: =SUMIFS(INPUT!C:C, INPUT!J:J,$L8, INPUT!L:L, INT($B$3)) -> 135 | O8: =SUMIFS(INPUT!E:E, INPUT!J:J,$L8, INPUT!L:L, INT($B$3)) -> 67.5 | P8: =SUMIFS(INPUT!D:D, INPUT!J:J,$L8, INPUT!L:L, INT($B$3)) -> 0 | Q8: =SUMIFS(INPUT!G:G, INPUT!J:J,$L8, INPUT!L:L, INT($B$3)) -> 67.5
A9: =IFERROR(__xludf.DUMMYFUNCTION("""COMPUTED_VALUE"""),46082.0) -> 46082 | B9: =IFERROR(__xludf.DUMMYFUNCTION("""COMPUTED_VALUE"""),"CRIS") -> CRIS | C9: =IFERROR(__xludf.DUMMYFUNCTION("""COMPUTED_VALUE"""),55.0) -> 55 | G9: =IFERROR(__xludf.DUMMYFUNCTION("""COMPUTED_VALUE"""),27.5) -> 27.5 | H9: =IFERROR(__xludf.DUMMYFUNCTION("""COMPUTED_VALUE"""),27.5) -> 27.5 | I9: =IFERROR(__xludf.DUMMYFUNCTION("""COMPUTED_VALUE"""),27.5) -> 27.5 | L9: HANNI | M9: =COUNTIFS(INPUT!J:J,$L9, INPUT!L:L, INT($B$3)) -> 0 | N9: =SUMIFS(INPUT!C:C, INPUT!J:J,$L9, INPUT!L:L, INT($B$3)) -> 0 | O9: =SUMIFS(INPUT!E:E, INPUT!J:J,$L9, INPUT!L:L, INT($B$3)) -> 0 | P9: =SUMIFS(INPUT!D:D, INPUT!J:J,$L9, INPUT!L:L, INT($B$3)) -> 0 | Q9: =SUMIFS(INPUT!G:G, INPUT!J:J,$L9, INPUT!L:L, INT($B$3)) -> 0
A10: =IFERROR(__xludf.DUMMYFUNCTION("""COMPUTED_VALUE"""),46082.0) -> 46082 | B10: =IFERROR(__xludf.DUMMYFUNCTION("""COMPUTED_VALUE"""),"CRIS") -> CRIS | C10: =IFERROR(__xludf.DUMMYFUNCTION("""COMPUTED_VALUE"""),30.0) -> 30 | G10: =IFERROR(__xludf.DUMMYFUNCTION("""COMPUTED_VALUE"""),15.0) -> 15 | H10: =IFERROR(__xludf.DUMMYFUNCTION("""COMPUTED_VALUE"""),15.0) -> 15 | I10: =IFERROR(__xludf.DUMMYFUNCTION("""COMPUTED_VALUE"""),15.0) -> 15 | L10: AMY | M10: =COUNTIFS(INPUT!J:J,$L10, INPUT!L:L, INT($B$3)) -> 5 | N10: =SUMIFS(INPUT!C:C, INPUT!J:J,$L10, INPUT!L:L, INT($B$3)) -> 236 | O10: =SUMIFS(INPUT!E:E, INPUT!J:J,$L10, INPUT!L:L, INT($B$3)) -> 141.6 | P10: =SUMIFS(INPUT!D:D, INPUT!J:J,$L10, INPUT!L:L, INT($B$3)) -> 0 | Q10: =SUMIFS(INPUT!G:G, INPUT!J:J,$L10, INPUT!L:L, INT($B$3)) -> 94.4
A11: =IFERROR(__xludf.DUMMYFUNCTION("""COMPUTED_VALUE"""),46082.0) -> 46082 | B11: =IFERROR(__xludf.DUMMYFUNCTION("""COMPUTED_VALUE"""),"CRIS") -> CRIS | C11: =IFERROR(__xludf.DUMMYFUNCTION("""COMPUTED_VALUE"""),50.0) -> 50 | G11: =IFERROR(__xludf.DUMMYFUNCTION("""COMPUTED_VALUE"""),25.0) -> 25 | H11: =IFERROR(__xludf.DUMMYFUNCTION("""COMPUTED_VALUE"""),25.0) -> 25 | I11: =IFERROR(__xludf.DUMMYFUNCTION("""COMPUTED_VALUE"""),25.0) -> 25 | L11: TONY | M11: =COUNTIFS(INPUT!J:J,$L11, INPUT!L:L, INT($B$3)) -> 5 | N11: =SUMIFS(INPUT!C:C, INPUT!J:J,$L11, INPUT!L:L, INT($B$3)) -> 286 | O11: =SUMIFS(INPUT!E:E, INPUT!J:J,$L11, INPUT!L:L, INT($B$3)) -> 171.6 | P11: =SUMIFS(INPUT!D:D, INPUT!J:J,$L11, INPUT!L:L, INT($B$3)) -> 0 | Q11: =SUMIFS(INPUT!G:G, INPUT!J:J,$L11, INPUT!L:L, INT($B$3)) -> 114.4
A12: =IFERROR(__xludf.DUMMYFUNCTION("""COMPUTED_VALUE"""),46082.0) -> 46082 | B12: =IFERROR(__xludf.DUMMYFUNCTION("""COMPUTED_VALUE"""),"AMY") -> AMY | C12: =IFERROR(__xludf.DUMMYFUNCTION("""COMPUTED_VALUE"""),55.0) -> 55 | G12: =IFERROR(__xludf.DUMMYFUNCTION("""COMPUTED_VALUE"""),33.0) -> 33 | H12: =IFERROR(__xludf.DUMMYFUNCTION("""COMPUTED_VALUE"""),22.0) -> 22 | I12: =IFERROR(__xludf.DUMMYFUNCTION("""COMPUTED_VALUE"""),22.0) -> 22 | L12: STEVEN | M12: =COUNTIFS(INPUT!J:J,$L12, INPUT!L:L, INT($B$3)) -> 0 | N12: =SUMIFS(INPUT!C:C, INPUT!J:J,$L12, INPUT!L:L, INT($B$3)) -> 0 | O12: =SUMIFS(INPUT!E:E, INPUT!J:J,$L12, INPUT!L:L, INT($B$3)) -> 0 | P12: =SUMIFS(INPUT!D:D, INPUT!J:J,$L12, INPUT!L:L, INT($B$3)) -> 0 | Q12: =SUMIFS(INPUT!G:G, INPUT!J:J,$L12, INPUT!L:L, INT($B$3)) -> 0
A13: =IFERROR(__xludf.DUMMYFUNCTION("""COMPUTED_VALUE"""),46082.0) -> 46082 | B13: =IFERROR(__xludf.DUMMYFUNCTION("""COMPUTED_VALUE"""),"AMY") -> AMY | C13: =IFERROR(__xludf.DUMMYFUNCTION("""COMPUTED_VALUE"""),60.0) -> 60 | G13: =IFERROR(__xludf.DUMMYFUNCTION("""COMPUTED_VALUE"""),36.0) -> 36 | H13: =IFERROR(__xludf.DUMMYFUNCTION("""COMPUTED_VALUE"""),24.0) -> 24 | I13: =IFERROR(__xludf.DUMMYFUNCTION("""COMPUTED_VALUE"""),24.0) -> 24 | L13: BEN | M13: =COUNTIFS(INPUT!J:J,$L13, INPUT!L:L, INT($B$3)) -> 0 | N13: =SUMIFS(INPUT!C:C, INPUT!J:J,$L13, INPUT!L:L, INT($B$3)) -> 0 | O13: =SUMIFS(INPUT!E:E, INPUT!J:J,$L13, INPUT!L:L, INT($B$3)) -> 0 | P13: =SUMIFS(INPUT!D:D, INPUT!J:J,$L13, INPUT!L:L, INT($B$3)) -> 0 | Q13: =SUMIFS(INPUT!G:G, INPUT!J:J,$L13, INPUT!L:L, INT($B$3)) -> 0
A14: =IFERROR(__xludf.DUMMYFUNCTION("""COMPUTED_VALUE"""),46082.0) -> 46082 | B14: =IFERROR(__xludf.DUMMYFUNCTION("""COMPUTED_VALUE"""),"AMY") -> AMY | C14: =IFERROR(__xludf.DUMMYFUNCTION("""COMPUTED_VALUE"""),35.0) -> 35 | G14: =IFERROR(__xludf.DUMMYFUNCTION("""COMPUTED_VALUE"""),21.0) -> 21 | H14: =IFERROR(__xludf.DUMMYFUNCTION("""COMPUTED_VALUE"""),14.0) -> 14 | I14: =IFERROR(__xludf.DUMMYFUNCTION("""COMPUTED_VALUE"""),14.0) -> 14
A15: =IFERROR(__xludf.DUMMYFUNCTION("""COMPUTED_VALUE"""),46082.0) -> 46082 | B15: =IFERROR(__xludf.DUMMYFUNCTION("""COMPUTED_VALUE"""),"AMY") -> AMY | C15: =IFERROR(__xludf.DUMMYFUNCTION("""COMPUTED_VALUE"""),57.0) -> 57 | G15: =IFERROR(__xludf.DUMMYFUNCTION("""COMPUTED_VALUE"""),34.199999999999996) -> 34.2 | H15: =IFERROR(__xludf.DUMMYFUNCTION("""COMPUTED_VALUE"""),22.8) -> 22.8 | I15: =IFERROR(__xludf.DUMMYFUNCTION("""COMPUTED_VALUE"""),22.8) -> 22.8 | L15: TOTAL | M15: =SUM(M6:M14) -> 17 | N15: =SUM(N6:N14) -> 916 | O15: =SUM(O6:O14) -> 536.1 | P15: =SUM(P6:P14) -> 0 | Q15: =SUM(Q6:Q14) -> 379.9
A16: =IFERROR(__xludf.DUMMYFUNCTION("""COMPUTED_VALUE"""),46082.0) -> 46082 | B16: =IFERROR(__xludf.DUMMYFUNCTION("""COMPUTED_VALUE"""),"TONY") -> TONY | C16: =IFERROR(__xludf.DUMMYFUNCTION("""COMPUTED_VALUE"""),65.0) -> 65 | G16: =IFERROR(__xludf.DUMMYFUNCTION("""COMPUTED_VALUE"""),39.0) -> 39 | H16: =IFERROR(__xludf.DUMMYFUNCTION("""COMPUTED_VALUE"""),26.0) -> 26 | I16: =IFERROR(__xludf.DUMMYFUNCTION("""COMPUTED_VALUE"""),26.0) -> 26
A17: =IFERROR(__xludf.DUMMYFUNCTION("""COMPUTED_VALUE"""),46082.0) -> 46082 | B17: =IFERROR(__xludf.DUMMYFUNCTION("""COMPUTED_VALUE"""),"TONY") -> TONY | C17: =IFERROR(__xludf.DUMMYFUNCTION("""COMPUTED_VALUE"""),57.0) -> 57 | G17: =IFERROR(__xludf.DUMMYFUNCTION("""COMPUTED_VALUE"""),34.199999999999996) -> 34.2 | H17: =IFERROR(__xludf.DUMMYFUNCTION("""COMPUTED_VALUE"""),22.8) -> 22.8 | I17: =IFERROR(__xludf.DUMMYFUNCTION("""COMPUTED_VALUE"""),22.8) -> 22.8
A18: =IFERROR(__xludf.DUMMYFUNCTION("""COMPUTED_VALUE"""),46082.0) -> 46082 | B18: =IFERROR(__xludf.DUMMYFUNCTION("""COMPUTED_VALUE"""),"TONY") -> TONY | C18: =IFERROR(__xludf.DUMMYFUNCTION("""COMPUTED_VALUE"""),35.0) -> 35 | G18: =IFERROR(__xludf.DUMMYFUNCTION("""COMPUTED_VALUE"""),21.0) -> 21 | H18: =IFERROR(__xludf.DUMMYFUNCTION("""COMPUTED_VALUE"""),14.0) -> 14 | I18: =IFERROR(__xludf.DUMMYFUNCTION("""COMPUTED_VALUE"""),14.0) -> 14
A19: =IFERROR(__xludf.DUMMYFUNCTION("""COMPUTED_VALUE"""),46082.0) -> 46082 | B19: =IFERROR(__xludf.DUMMYFUNCTION("""COMPUTED_VALUE"""),"TONY") -> TONY | C19: =IFERROR(__xludf.DUMMYFUNCTION("""COMPUTED_VALUE"""),57.0) -> 57 | G19: =IFERROR(__xludf.DUMMYFUNCTION("""COMPUTED_VALUE"""),34.199999999999996) -> 34.2 | H19: =IFERROR(__xludf.DUMMYFUNCTION("""COMPUTED_VALUE"""),22.8) -> 22.8 | I19: =IFERROR(__xludf.DUMMYFUNCTION("""COMPUTED_VALUE"""),22.8) -> 22.8
A20: =IFERROR(__xludf.DUMMYFUNCTION("""COMPUTED_VALUE"""),46082.0) -> 46082 | B20: =IFERROR(__xludf.DUMMYFUNCTION("""COMPUTED_VALUE"""),"AMY") -> AMY | C20: =IFERROR(__xludf.DUMMYFUNCTION("""COMPUTED_VALUE"""),29.0) -> 29 | G20: =IFERROR(__xludf.DUMMYFUNCTION("""COMPUTED_VALUE"""),17.4) -> 17.4 | H20: =IFERROR(__xludf.DUMMYFUNCTION("""COMPUTED_VALUE"""),11.600000000000001) -> 11.6 | I20: =IFERROR(__xludf.DUMMYFUNCTION("""COMPUTED_VALUE"""),11.600000000000001) -> 11.6
A21: =IFERROR(__xludf.DUMMYFUNCTION("""COMPUTED_VALUE"""),46082.0) -> 46082 | B21: =IFERROR(__xludf.DUMMYFUNCTION("""COMPUTED_VALUE"""),"RYAN") -> RYAN | C21: =IFERROR(__xludf.DUMMYFUNCTION("""COMPUTED_VALUE"""),65.0) -> 65 | G21: =IFERROR(__xludf.DUMMYFUNCTION("""COMPUTED_VALUE"""),39.0) -> 39 | H21: =IFERROR(__xludf.DUMMYFUNCTION("""COMPUTED_VALUE"""),26.0) -> 26 | I21: =IFERROR(__xludf.DUMMYFUNCTION("""COMPUTED_VALUE"""),26.0) -> 26
A22: =IFERROR(__xludf.DUMMYFUNCTION("""COMPUTED_VALUE"""),46082.0) -> 46082 | B22: =IFERROR(__xludf.DUMMYFUNCTION("""COMPUTED_VALUE"""),"TONY") -> TONY | C22: =IFERROR(__xludf.DUMMYFUNCTION("""COMPUTED_VALUE"""),72.0) -> 72 | G22: =IFERROR(__xludf.DUMMYFUNCTION("""COMPUTED_VALUE"""),43.199999999999996) -> 43.2 | H22: =IFERROR(__xludf.DUMMYFUNCTION("""COMPUTED_VALUE"""),28.8) -> 28.8 | I22: =IFERROR(__xludf.DUMMYFUNCTION("""COMPUTED_VALUE"""),28.8) -> 28.8
A23: =IFERROR(__xludf.DUMMYFUNCTION("""COMPUTED_VALUE"""),46082.0) -> 46082 | B23: =IFERROR(__xludf.DUMMYFUNCTION("""COMPUTED_VALUE"""),"") | G23: =IFERROR(__xludf.DUMMYFUNCTION("""COMPUTED_VALUE"""),"") | H23: =IFERROR(__xludf.DUMMYFUNCTION("""COMPUTED_VALUE"""),"") | I23: =IFERROR(__xludf.DUMMYFUNCTION("""COMPUTED_VALUE"""),"")

Sheet WEEKLY_SUMMARY
A1: WEEKLY_SUMMARY - Chọn WeekStart (Mon) -> tổng theo thợ
A3: WeekStart (Mon): | B3: 46055 | D3: Selected Tech: | E3: ryan | H3: (WeekStart = Thứ 2)
A5: Tech | B5: # Khách | C5: Service | D5: Tech Share | E5: Tip | F5: Salon Net
A6: KEN | B6: =COUNTIFS(INPUT!J:J,$A6, INPUT!K:K, $B$3) -> 10 | C6: =SUMIFS(INPUT!C:C, INPUT!J:J,$A6, INPUT!K:K, $B$3) -> 586 | D6: =SUMIFS(INPUT!E:E, INPUT!J:J,$A6, INPUT!K:K, $B$3) -> 0 | E6: =SUMIFS(INPUT!D:D, INPUT!J:J,$A6, INPUT!K:K, $B$3) -> 0 | F6: =SUMIFS(INPUT!G:G, INPUT!J:J,$A6, INPUT!K:K, $B$3) -> 586
A7: RYAN | B7: =COUNTIFS(INPUT!J:J,$A7, INPUT!K:K, $B$3) -> 44 | C7: =SUMIFS(INPUT!C:C, INPUT!J:J,$A7, INPUT!K:K, $B$3) -> 3078 | D7: =SUMIFS(INPUT!E:E, INPUT!J:J,$A7, INPUT!K:K, $B$3) -> 1846.8 | E7: =SUMIFS(INPUT!D:D, INPUT!J:J,$A7, INPUT!K:K, $B$3) -> 63 | F7: =SUMIFS(INPUT!G:G, INPUT!J:J,$A7, INPUT!K:K, $B$3) -> 1231.2
A8: CRIS | B8: =COUNTIFS(INPUT!J:J,$A8, INPUT!K:K, $B$3) -> 26 | C8: =SUMIFS(INPUT!C:C, INPUT!J:J,$A8, INPUT!K:K, $B$3) -> 1377 | D8: =SUMIFS(INPUT!E:E, INPUT!J:J,$A8, INPUT!K:K, $B$3) -> 688.5 | E8: =SUMIFS(INPUT!D:D, INPUT!J:J,$A8, INPUT!K:K, $B$3) -> 20 | F8: =SUMIFS(INPUT!G:G, INPUT!J:J,$A8, INPUT!K:K, $B$3) -> 688.5
A9: HANNI | B9: =COUNTIFS(INPUT!J:J,$A9, INPUT!K:K, $B$3) -> 18 | C9: =SUMIFS(INPUT!C:C, INPUT!J:J,$A9, INPUT!K:K, $B$3) -> 1156 | D9: =SUMIFS(INPUT!E:E, INPUT!J:J,$A9, INPUT!K:K, $B$3) -> 0 | E9: =SUMIFS(INPUT!D:D, INPUT!J:J,$A9, INPUT!K:K, $B$3) -> 40 | F9: =SUMIFS(INPUT!G:G, INPUT!J:J,$A9, INPUT!K:K, $B$3) -> 1156
A10: AMY | B10: =COUNTIFS(INPUT!J:J,$A10, INPUT!K:K, $B$3) -> 45 | C10: =SUMIFS(INPUT!C:C, INPUT!J:J,$A10, INPUT!K:K, $B$3) -> 3072 | D10: =SUMIFS(INPUT!E:E, INPUT!J:J,$A10, INPUT!K:K, $B$3) -> 1843.2 | E10: =SUMIFS(INPUT!D:D, INPUT!J:J,$A10, INPUT!K:K, $B$3) -> 31 | F10: =SUMIFS(INPUT!G:G, INPUT!J:J,$A10, INPUT!K:K, $B$3) -> 1228.8
A11: TONY | B11: =COUNTIFS(INPUT!J:J,$A11, INPUT!K:K, $B$3) -> 43 | C11: =SUMIFS(INPUT!C:C, INPUT!J:J,$A11, INPUT!K:K, $B$3) -> 2967 | D11: =SUMIFS(INPUT!E:E, INPUT!J:J,$A11, INPUT!K:K, $B$3) -> 1780.2 | E11: =SUMIFS(INPUT!D:D, INPUT!J:J,$A11, INPUT!K:K, $B$3) -> 38 | F11: =SUMIFS(INPUT!G:G, INPUT!J:J,$A11, INPUT!K:K, $B$3) -> 1186.8
A12: STEVEN | B12: =COUNTIFS(INPUT!J:J,$A12, INPUT!K:K, $B$3) -> 0 | C12: =SUMIFS(INPUT!C:C, INPUT!J:J,$A12, INPUT!K:K, $B$3) -> 0 | D12: =SUMIFS(INPUT!E:E, INPUT!J:J,$A12, INPUT!K:K, $B$3) -> 0 | E12: =SUMIFS(INPUT!D:D, INPUT!J:J,$A12, INPUT!K:K, $B$3) -> 0 | F12: =SUMIFS(INPUT!G:G, INPUT!J:J,$A12, INPUT!K:K, $B$3) -> 0
A13: BEN | B13: =COUNTIFS(INPUT!J:J,$A13, INPUT!K:K, $B$3) -> 0 | C13: =SUMIFS(INPUT!C:C, INPUT!J:J,$A13, INPUT!K:K, $B$3) -> 0 | D13: =SUMIFS(INPUT!E:E, INPUT!J:J,$A13, INPUT!K:K, $B$3) -> 0 | E13: =SUMIFS(INPUT!D:D, INPUT!J:J,$A13, INPUT!K:K, $B$3) -> 0 | F13: =SUMIFS(INPUT!G:G, INPUT!J:J,$A13, INPUT!K:K, $B$3) -> 0
A15: CHI TIẾT THEO NGÀY (trong tuần) - theo Selected Tech
A16: Date | B16: # Khách | C16: Service | D16: Tip | E16: Tech Share | F16: Salon Gross | G16: Salon Net
A17: =INT($B$3)+0 -> 46055 | B17: =IF($E$3="ALL",COUNTIFS(INPUT!K:K,$B$3,INPUT!L:L,A17),COUNTIFS(INPUT!J:J,$E$3, INPUT!K:K,$B$3, INPUT!L:L, A17)) -> 5 | C17: =IF($E$3="ALL",SUMIFS(INPUT!C:C,INPUT!K:K,$B$3,INPUT!L:L,A17),SUMIFS(INPUT!C:C, INPUT!J:J,$E$3, INPUT!K:K,$B$3, INPUT!L:L, A17)) -> 328 | D17: =IF($E$3="ALL",SUMIFS(INPUT!D:D,INPUT!K:K,$B$3,INPUT!L:L,A17),SUMIFS(INPUT!D:D, INPUT!J:J,$E$3, INPUT!K:K,$B$3, INPUT!L:L, A17)) -> 7 | E17: =IF($E$3="ALL",SUMIFS(INPUT!E:E,INPUT!K:K,$B$3,INPUT!L:L,A17),SUMIFS(INPUT!E:E, INPUT!J:J,$E$3, INPUT!K:K,$B$3, INPUT!L:L, A17)) -> 196.8 | F17: =IF($E$3="ALL",SUMIFS(INPUT!F:F,INPUT!K:K,$B$3,INPUT!L:L,A17),SUMIFS(INPUT!F:F, INPUT!J:J,$E$3, INPUT!K:K,$B$3, INPUT!L:L, A17)) -> 131.2 | G17: =IF($E$3="ALL",SUMIFS(INPUT!G:G,INPUT!K:K,$B$3,INPUT!L:L,A17),SUMIFS(INPUT!G:G, INPUT!J:J,$E$3, INPUT!K:K,$B$3, INPUT!L:L, A17)) -> 131.2
A18: =INT($B$3)+1 -> 46056 | B18: =IF($E$3="ALL",COUNTIFS(INPUT!K:K,$B$3,INPUT!L:L,A18),COUNTIFS(INPUT!J:J,$E$3, INPUT!K:K,$B$3, INPUT!L:L, A18)) -> 5 | C18: =IF($E$3="ALL",SUMIFS(INPUT!C:C,INPUT!K:K,$B$3,INPUT!L:L,A18),SUMIFS(INPUT!C:C, INPUT!J:J,$E$3, INPUT!K:K,$B$3, INPUT!L:L, A18)) -> 310 | D18: =IF($E$3="ALL",SUMIFS(INPUT!D:D,INPUT!K:K,$B$3,INPUT!L:L,A18),SUMIFS(INPUT!D:D, INPUT!J:J,$E$3, INPUT!K:K,$B$3, INPUT!L:L, A18)) -> 11 | E18: =IF($E$3="ALL",SUMIFS(INPUT!E:E,INPUT!K:K,$B$3,INPUT!L:L,A18),SUMIFS(INPUT!E:E, INPUT!J:J,$E$3, INPUT!K:K,$B$3, INPUT!L:L, A18)) -> 186 | F18: =IF($E$3="ALL",SUMIFS(INPUT!F:F,INPUT!K:K,$B$3,INPUT!L:L,A18),SUMIFS(INPUT!F:F, INPUT!J:J,$E$3, INPUT!K:K,$B$3, INPUT!L:L, A18)) -> 124 | G18: =IF($E$3="ALL",SUMIFS(INPUT!G:G,INPUT!K:K,$B$3,INPUT!L:L,A18),SUMIFS(INPUT!G:G, INPUT!J:J,$E$3, INPUT!K:K,$B$3, INPUT!L:L, A18)) -> 124
A19: =INT($B$3)+2 -> 46057 | B19: =IF($E$3="ALL",COUNTIFS(INPUT!K:K,$B$3,INPUT!L:L,A19),COUNTIFS(INPUT!J:J,$E$3, INPUT!K:K,$B$3, INPUT!L:L, A19)) -> 9 | C19: =IF($E$3="ALL",SUMIFS(INPUT!C:C,INPUT!K:K,$B$3,INPUT!L:L,A19),SUMIFS(INPUT!C:C, INPUT!J:J,$E$3, INPUT!K:K,$B$3, INPUT!L:L, A19)) -> 601 | D19: =IF($E$3="ALL",SUMIFS(INPUT!D:D,INPUT!K:K,$B$3,INPUT!L:L,A19),SUMIFS(INPUT!D:D, INPUT!J:J,$E$3, INPUT!K:K,$B$3, INPUT!L:L, A19)) -> 45 | E19: =IF($E$3="ALL",SUMIFS(INPUT!E:E,INPUT!K:K,$B$3,INPUT!L:L,A19),SUMIFS(INPUT!E:E, INPUT!J:J,$E$3, INPUT!K:K,$B$3, INPUT!L:L, A19)) -> 360.6 | F19: =IF($E$3="ALL",SUMIFS(INPUT!F:F,INPUT!K:K,$B$3,INPUT!L:L,A19),SUMIFS(INPUT!F:F, INPUT!J:J,$E$3, INPUT!K:K,$B$3, INPUT!L:L, A19)) -> 240.4 | G19: =IF($E$3="ALL",SUMIFS(INPUT!G:G,INPUT!K:K,$B$3,INPUT!L:L,A19),SUMIFS(INPUT!G:G, INPUT!J:J,$E$3, INPUT!K:K,$B$3, INPUT!L:L, A19)) -> 240.4
A20: =INT($B$3)+3 -> 46058 | B20: =IF($E$3="ALL",COUNTIFS(INPUT!K:K,$B$3,INPUT!L:L,A20),COUNTIFS(INPUT!J:J,$E$3, INPUT!K:K,$B$3, INPUT!L:L, A20)) -> 5 | C20: =IF($E$3="ALL",SUMIFS(INPUT!C:C,INPUT!K:K,$B$3,INPUT!L:L,A20),SUMIFS(INPUT!C:C, INPUT!J:J,$E$3, INPUT!K:K,$B$3, INPUT!L:L, A20)) -> 443 | D20: =IF($E$3="ALL",SUMIFS(INPUT!D:D,INPUT!K:K,$B$3,INPUT!L:L,A20),SUMIFS(INPUT!D:D, INPUT!J:J,$E$3, INPUT!K:K,$B$3, INPUT!L:L, A20)) -> 0 | E20: =IF($E$3="ALL",SUMIFS(INPUT!E:E,INPUT!K:K,$B$3,INPUT!L:L,A20),SUMIFS(INPUT!E:E, INPUT!J:J,$E$3, INPUT!K:K,$B$3, INPUT!L:L, A20)) -> 265.8 | F20: =IF($E$3="ALL",SUMIFS(INPUT!F:F,INPUT!K:K,$B$3,INPUT!L:L,A20),SUMIFS(INPUT!F:F, INPUT!J:J,$E$3, INPUT!K:K,$B$3, INPUT!L:L, A20)) -> 177.2 | G20: =IF($E$3="ALL",SUMIFS(INPUT!G:G,INPUT!K:K,$B$3,INPUT!L:L,A20),SUMIFS(INPUT!G:G, INPUT!J:J,$E$3, INPUT!K:K,$B$3, INPUT!L:L, A20)) -> 177.2
A21: =INT($B$3)+4 -> 46059 | B21: =IF($E$3="ALL",COUNTIFS(INPUT!K:K,$B$3,INPUT!L:L,A21),COUNTIFS(INPUT!J:J,$E$3, INPUT!K:K,$B$3, INPUT!L:L, A21)) -> 9 | C21: =IF($E$3="ALL",SUMIFS(INPUT!C:C,INPUT!K:K,$B$3,INPUT!L:L,A21),SUMIFS(INPUT!C:C, INPUT!J:J,$E$3, INPUT!K:K,$B$3, INPUT!L:L, A21)) -> 601 | D21: =IF($E$3="ALL",SUMIFS(INPUT!D:D,INPUT!K:K,$B$3,INPUT!L:L,A21),SUMIFS(INPUT!D:D, INPUT!J:J,$E$3, INPUT!K:K,$B$3, INPUT!L:L, A21)) -> 0 | E21: =IF($E$3="ALL",SUMIFS(INPUT!E:E,INPUT!K:K,$B$3,INPUT!L:L,A21),SUMIFS(INPUT!E:E, INPUT!J:J,$E$3, INPUT!K:K,$B$3, INPUT!L:L, A21)) -> 360.6 | F21: =IF($E$3="ALL",SUMIFS(INPUT!F:F,INPUT!K:K,$B$3,INPUT!L:L,A21),SUMIFS(INPUT!F:F, INPUT!J:J,$E$3, INPUT!K:K,$B$3, INPUT!L:L, A21)) -> 240.4 | G21: =IF($E$3="ALL",SUMIFS(INPUT!G:G,INPUT!K:K,$B$3,INPUT!L:L,A21),SUMIFS(INPUT!G:G, INPUT!J:J,$E$3, INPUT!K:K,$B$3, INPUT!L:L, A21)) -> 240.4
A22: =INT($B$3)+5 -> 46060 | B22: =IF($E$3="ALL",COUNTIFS(INPUT!K:K,$B$3,INPUT!L:L,A22),COUNTIFS(INPUT!J:J,$E$3, INPUT!K:K,$B$3, INPUT!L:L, A22)) -> 7 | C22: =IF($E$3="ALL",SUMIFS(INPUT!C:C,INPUT!K:K,$B$3,INPUT!L:L,A22),SUMIFS(INPUT!C:C, INPUT!J:J,$E$3, INPUT!K:K,$B$3, INPUT!L:L, A22)) -> 471 | D22: =IF($E$3="ALL",SUMIFS(INPUT!D:D,INPUT!K:K,$B$3,INPUT!L:L,A22),SUMIFS(INPUT!D:D, INPUT!J:J,$E$3, INPUT!K:K,$B$3, INPUT!L:L, A22)) -> 0 | E22: =IF($E$3="ALL",SUMIFS(INPUT!E:E,INPUT!K:K,$B$3,INPUT!L:L,A22),SUMIFS(INPUT!E:E, INPUT!J:J,$E$3, INPUT!K:K,$B$3, INPUT!L:L, A22)) -> 282.6 | F22: =IF($E$3="ALL",SUMIFS(INPUT!F:F,INPUT!K:K,$B$3,INPUT!L:L,A22),SUMIFS(INPUT!F:F, INPUT!J:J,$E$3, INPUT!K:K,$B$3, INPUT!L:L, A22)) -> 188.4 | G22: =IF($E$3="ALL",SUMIFS(INPUT!G:G,INPUT!K:K,$B$3,INPUT!L:L,A22),SUMIFS(INPUT!G:G, INPUT!J:J,$E$3, INPUT!K:K,$B$3, INPUT!L:L, A22)) -> 188.4
A23: =INT($B$3)+6 -> 46061 | B23: =IF($E$3="ALL",COUNTIFS(INPUT!K:K,$B$3,INPUT!L:L,A23),COUNTIFS(INPUT!J:J,$E$3, INPUT!K:K,$B$3, INPUT!L:L, A23)) -> 4 | C23: =IF($E$3="ALL",SUMIFS(INPUT!C:C,INPUT!K:K,$B$3,INPUT!L:L,A23),SUMIFS(INPUT!C:C, INPUT!J:J,$E$3, INPUT!K:K,$B$3, INPUT!L:L, A23)) -> 324 | D23: =IF($E$3="ALL",SUMIFS(INPUT!D:D,INPUT!K:K,$B$3,INPUT!L:L,A23),SUMIFS(INPUT!D:D, INPUT!J:J,$E$3, INPUT!K:K,$B$3, INPUT!L:L, A23)) -> 0 | E23: =IF($E$3="ALL",SUMIFS(INPUT!E:E,INPUT!K:K,$B$3,INPUT!L:L,A23),SUMIFS(INPUT!E:E, INPUT!J:J,$E$3, INPUT!K:K,$B$3, INPUT!L:L, A23)) -> 194.4 | F23: =IF($E$3="ALL",SUMIFS(INPUT!F:F,INPUT!K:K,$B$3,INPUT!L:L,A23),SUMIFS(INPUT!F:F, INPUT!J:J,$E$3, INPUT!K:K,$B$3, INPUT!L:L, A23)) -> 129.6 | G23: =IF($E$3="ALL",SUMIFS(INPUT!G:G,INPUT!K:K,$B$3,INPUT!L:L,A23),SUMIFS(INPUT!G:G, INPUT!J:J,$E$3, INPUT!K:K,$B$3, INPUT!L:L, A23)) -> 129.6
A24: TOTAL (Tuần) | B24: =SUM(B17:B23) -> 44 | C24: =SUM(C17:C23) -> 3078 | D24: =SUM(D17:D23) -> 63 | E24: =SUM(E17:E23) -> 1846.8 | F24: =SUM(F17:F23) -> 1231.2 | G24: =SUM(G17:G23) -> 1231.2

Sheet MONTHLY_SUMMARY
A1: MONTHLY_SUMMARY (Chưa chia) - Tổng Service theo tháng
A3: Month (yyyy-mm): | B3: 2026-02 | D3: Selected Tech: | E3: ryan
A5: Tech | B5: # Khách | C5: Service (Chưa chia) | D5: Tip | E5: Tech Share (Đã chia) | F5: Salon Gross (Đã chia) | G5: Salon Net (sau discount/gift)
A6: KEN | B6: =COUNTIFS(INPUT!J:J,$A6,INPUT!A:A,">="&DATE(LEFT($B$3,4),RIGHT($B$3,2),1),INPUT!A:A,"<"&EOMONTH(DATE(LEFT($B$3,4),RIGHT($B$3,2),1),0)+1) -> 26 | C6: =SUMIFS(INPUT!C:C,INPUT!J:J,$A6,INPUT!A:A,">="&DATE(LEFT($B$3,4),RIGHT($B$3,2),1),INPUT!A:A,"<"&EOMONTH(DATE(LEFT($B$3,4),RIGHT($B$3,2),1),0)+1) -> 1835 | D6: =SUMIFS(INPUT!D:D,INPUT!J:J,$A6,INPUT!A:A,">="&DATE(LEFT($B$3,4),RIGHT($B$3,2),1),INPUT!A:A,"<"&EOMONTH(DATE(LEFT($B$3,4),RIGHT($B$3,2),1),0)+1) -> 0 | E6: =SUMIFS(INPUT!E:E,INPUT!J:J,$A6,INPUT!A:A,">="&DATE(LEFT($B$3,4),RIGHT($B$3,2),1),INPUT!A:A,"<"&EOMONTH(DATE(LEFT($B$3,4),RIGHT($B$3,2),1),0)+1) -> 0 | F6: =SUMIFS(INPUT!F:F,INPUT!J:J,$A6,INPUT!A:A,">="&DATE(LEFT($B$3,4),RIGHT($B$3,2),1),INPUT!A:A,"<"&EOMONTH(DATE(LEFT($B$3,4),RIGHT($B$3,2),1),0)+1) -> 1835 | G6: =SUMIFS(INPUT!G:G,INPUT!J:J,$A6,INPUT!A:A,">="&DATE(LEFT($B$3,4),RIGHT($B$3,2),1),INPUT!A:A,"<"&EOMONTH(DATE(LEFT($B$3,4),RIGHT($B$3,2),1),0)+1) -> 1835
A7: RYAN | B7: =COUNTIFS(INPUT!J:J,$A7,INPUT!A:A,">="&DATE(LEFT($B$3,4),RIGHT($B$3,2),1),INPUT!A:A,"<"&EOMONTH(DATE(LEFT($B$3,4),RIGHT($B$3,2),1),0)+1) -> 168 | C7: =SUMIFS(INPUT!C:C,INPUT!J:J,$A7,INPUT!A:A,">="&DATE(LEFT($B$3,4),RIGHT($B$3,2),1),INPUT!A:A,"<"&EOMONTH(DATE(LEFT($B$3,4),RIGHT($B$3,2),1),0)+1) -> 11614 | D7: =SUMIFS(INPUT!D:D,INPUT!J:J,$A7,INPUT!A:A,">="&DATE(LEFT($B$3,4),RIGHT($B$3,2),1),INPUT!A:A,"<"&EOMONTH(DATE(LEFT($B$3,4),RIGHT($B$3,2),1),0)+1) -> 78 | E7: =SUMIFS(INPUT!E:E,INPUT!J:J,$A7,INPUT!A:A,">="&DATE(LEFT($B$3,4),RIGHT($B$3,2),1),INPUT!A:A,"<"&EOMONTH(DATE(LEFT($B$3,4),RIGHT($B$3,2),1),0)+1) -> 6968.4 | F7: =SUMIFS(INPUT!F:F,INPUT!J:J,$A7,INPUT!A:A,">="&DATE(LEFT($B$3,4),RIGHT($B$3,2),1),INPUT!A:A,"<"&EOMONTH(DATE(LEFT($B$3,4),RIGHT($B$3,2),1),0)+1) -> 4645.6 | G7: =SUMIFS(INPUT!G:G,INPUT!J:J,$A7,INPUT!A:A,">="&DATE(LEFT($B$3,4),RIGHT($B$3,2),1),INPUT!A:A,"<"&EOMONTH(DATE(LEFT($B$3,4),RIGHT($B$3,2),1),0)+1) -> 4645.6
A8: CRIS | B8: =COUNTIFS(INPUT!J:J,$A8,INPUT!A:A,">="&DATE(LEFT($B$3,4),RIGHT($B$3,2),1),INPUT!A:A,"<"&EOMONTH(DATE(LEFT($B$3,4),RIGHT($B$3,2),1),0)+1) -> 144 | C8: =SUMIFS(INPUT!C:C,INPUT!J:J,$A8,INPUT!A:A,">="&DATE(LEFT($B$3,4),RIGHT($B$3,2),1),INPUT!A:A,"<"&EOMONTH(DATE(LEFT($B$3,4),RIGHT($B$3,2),1),0)+1) -> 7076 | D8: =SUMIFS(INPUT!D:D,INPUT!J:J,$A8,INPUT!A:A,">="&DATE(LEFT($B$3,4),RIGHT($B$3,2),1),INPUT!A:A,"<"&EOMONTH(DATE(LEFT($B$3,4),RIGHT($B$3,2),1),0)+1) -> 38 | E8: =SUMIFS(INPUT!E:E,INPUT!J:J,$A8,INPUT!A:A,">="&DATE(LEFT($B$3,4),RIGHT($B$3,2),1),INPUT!A:A,"<"&EOMONTH(DATE(LEFT($B$3,4),RIGHT($B$3,2),1),0)+1) -> 3538 | F8: =SUMIFS(INPUT!F:F,INPUT!J:J,$A8,INPUT!A:A,">="&DATE(LEFT($B$3,4),RIGHT($B$3,2),1),INPUT!A:A,"<"&EOMONTH(DATE(LEFT($B$3,4),RIGHT($B$3,2),1),0)+1) -> 3538 | G8: =SUMIFS(INPUT!G:G,INPUT!J:J,$A8,INPUT!A:A,">="&DATE(LEFT($B$3,4),RIGHT($B$3,2),1),INPUT!A:A,"<"&EOMONTH(DATE(LEFT($B$3,4),RIGHT($B$3,2),1),0)+1) -> 3538
A9: HANNI | B9: =COUNTIFS(INPUT!J:J,$A9,INPUT!A:A,">="&DATE(LEFT($B$3,4),RIGHT($B$3,2),1),INPUT!A:A,"<"&EOMONTH(DATE(LEFT($B$3,4),RIGHT($B$3,2),1),0)+1) -> 76 | C9: =SUMIFS(INPUT!C:C,INPUT!J:J,$A9,INPUT!A:A,">="&DATE(LEFT($B$3,4),RIGHT($B$3,2),1),INPUT!A:A,"<"&EOMONTH(DATE(LEFT($B$3,4),RIGHT($B$3,2),1),0)+1) -> 5016 | D9: =SUMIFS(INPUT!D:D,INPUT!J:J,$A9,INPUT!A:A,">="&DATE(LEFT($B$3,4),RIGHT($B$3,2),1),INPUT!A:A,"<"&EOMONTH(DATE(LEFT($B$3,4),RIGHT($B$3,2),1),0)+1) -> 40 | E9: =SUMIFS(INPUT!E:E,INPUT!J:J,$A9,INPUT!A:A,">="&DATE(LEFT($B$3,4),RIGHT($B$3,2),1),INPUT!A:A,"<"&EOMONTH(DATE(LEFT($B$3,4),RIGHT($B$3,2),1),0)+1) -> 0 | F9: =SUMIFS(INPUT!F:F,INPUT!J:J,$A9,INPUT!A:A,">="&DATE(LEFT($B$3,4),RIGHT($B$3,2),1),INPUT!A:A,"<"&EOMONTH(DATE(LEFT($B$3,4),RIGHT($B$3,2),1),0)+1) -> 5016 | G9: =SUMIFS(INPUT!G:G,INPUT!J:J,$A9,INPUT!A:A,">="&DATE(LEFT($B$3,4),RIGHT($B$3,2),1),INPUT!A:A,"<"&EOMONTH(DATE(LEFT($B$3,4),RIGHT($B$3,2),1),0)+1) -> 5016
A10: AMY | B10: =COUNTIFS(INPUT!J:J,$A10,INPUT!A:A,">="&DATE(LEFT($B$3,4),RIGHT($B$3,2),1),INPUT!A:A,"<"&EOMONTH(DATE(LEFT($B$3,4),RIGHT($B$3,2),1),0)+1) -> 174 | C10: =SUMIFS(INPUT!C:C,INPUT!J:J,$A10,INPUT!A:A,">="&DATE(LEFT($B$3,4),RIGHT($B$3,2),1),INPUT!A:A,"<"&EOMONTH(DATE(LEFT($B$3,4),RIGHT($B$3,2),1),0)+1) -> 11189 | D10: =SUMIFS(INPUT!D:D,INPUT!J:J,$A10,INPUT!A:A,">="&DATE(LEFT($B$3,4),RIGHT($B$3,2),1),INPUT!A:A,"<"&EOMONTH(DATE(LEFT($B$3,4),RIGHT($B$3,2),1),0)+1) -> 50 | E10: =SUMIFS(INPUT!E:E,INPUT!J:J,$A10,INPUT!A:A,">="&DATE(LEFT($B$3,4),RIGHT($B$3,2),1),INPUT!A:A,"<"&EOMONTH(DATE(LEFT($B$3,4),RIGHT($B$3,2),1),0)+1) -> 6713.4 | F10: =SUMIFS(INPUT!F:F,INPUT!J:J,$A10,INPUT!A:A,">="&DATE(LEFT($B$3,4),RIGHT($B$3,2),1),INPUT!A:A,"<"&EOMONTH(DATE(LEFT($B$3,4),RIGHT($B$3,2),1),0)+1) -> 4475.6 | G10: =SUMIFS(INPUT!G:G,INPUT!J:J,$A10,INPUT!A:A,">="&DATE(LEFT($B$3,4),RIGHT($B$3,2),1),INPUT!A:A,"<"&EOMONTH(DATE(LEFT($B$3,4),RIGHT($B$3,2),1),0)+1) -> 4475.6
A11: TONY | B11: =COUNTIFS(INPUT!J:J,$A11,INPUT!A:A,">="&DATE(LEFT($B$3,4),RIGHT($B$3,2),1),INPUT!A:A,"<"&EOMONTH(DATE(LEFT($B$3,4),RIGHT($B$3,2),1),0)+1) -> 162 | C11: =SUMIFS(INPUT!C:C,INPUT!J:J,$A11,INPUT!A:A,">="&DATE(LEFT($B$3,4),RIGHT($B$3,2),1),INPUT!A:A,"<"&EOMONTH(DATE(LEFT($B$3,4),RIGHT($B$3,2),1),0)+1) -> 10925 | D11: =SUMIFS(INPUT!D:D,INPUT!J:J,$A11,INPUT!A:A,">="&DATE(LEFT($B$3,4),RIGHT($B$3,2),1),INPUT!A:A,"<"&EOMONTH(DATE(LEFT($B$3,4),RIGHT($B$3,2),1),0)+1) -> 38 | E11: =SUMIFS(INPUT!E:E,INPUT!J:J,$A11,INPUT!A:A,">="&DATE(LEFT($B$3,4),RIGHT($B$3,2),1),INPUT!A:A,"<"&EOMONTH(DATE(LEFT($B$3,4),RIGHT($B$3,2),1),0)+1) -> 6555 | F11: =SUMIFS(INPUT!F:F,INPUT!J:J,$A11,INPUT!A:A,">="&DATE(LEFT($B$3,4),RIGHT($B$3,2),1),INPUT!A:A,"<"&EOMONTH(DATE(LEFT($B$3,4),RIGHT($B$3,2),1),0)+1) -> 4370 | G11: =SUMIFS(INPUT!G:G,INPUT!J:J,$A11,INPUT!A:A,">="&DATE(LEFT($B$3,4),RIGHT($B$3,2),1),INPUT!A:A,"<"&EOMONTH(DATE(LEFT($B$3,4),RIGHT($B$3,2),1),0)+1) -> 4370
A12: STEVEN | B12: =COUNTIFS(INPUT!J:J,$A12,INPUT!A:A,">="&DATE(LEFT($B$3,4),RIGHT($B$3,2),1),INPUT!A:A,"<"&EOMONTH(DATE(LEFT($B$3,4),RIGHT($B$3,2),1),0)+1) -> 0 | C12: =SUMIFS(INPUT!C:C,INPUT!J:J,$A12,INPUT!A:A,">="&DATE(LEFT($B$3,4),RIGHT($B$3,2),1),INPUT!A:A,"<"&EOMONTH(DATE(LEFT($B$3,4),RIGHT($B$3,2),1),0)+1) -> 0 | D12: =SUMIFS(INPUT!D:D,INPUT!J:J,$A12,INPUT!A:A,">="&DATE(LEFT($B$3,4),RIGHT($B$3,2),1),INPUT!A:A,"<"&EOMONTH(DATE(LEFT($B$3,4),RIGHT($B$3,2),1),0)+1) -> 0 | E12: =SUMIFS(INPUT!E:E,INPUT!J:J,$A12,INPUT!A:A,">="&DATE(LEFT($B$3,4),RIGHT($B$3,2),1),INPUT!A:A,"<"&EOMONTH(DATE(LEFT($B$3,4),RIGHT($B$3,2),1),0)+1) -> 0 | F12: =SUMIFS(INPUT!F:F,INPUT!J:J,$A12,INPUT!A:A,">="&DATE(LEFT($B$3,4),RIGHT($B$3,2),1),INPUT!A:A,"<"&EOMONTH(DATE(LEFT($B$3,4),RIGHT($B$3,2),1),0)+1) -> 0 | G12: =SUMIFS(INPUT!G:G,INPUT!J:J,$A12,INPUT!A:A,">="&DATE(LEFT($B$3,4),RIGHT($B$3,2),1),INPUT!A:A,"<"&EOMONTH(DATE(LEFT($B$3,4),RIGHT($B$3,2),1),0)+1) -> 0
A13: BEN | B13: =COUNTIFS(INPUT!J:J,$A13,INPUT!A:A,">="&DATE(LEFT($B$3,4),RIGHT($B$3,2),1),INPUT!A:A,"<"&EOMONTH(DATE(LEFT($B$3,4),RIGHT($B$3,2),1),0)+1) -> 0 | C13: =SUMIFS(INPUT!C:C,INPUT!J:J,$A13,INPUT!A:A,">="&DATE(LEFT($B$3,4),RIGHT($B$3,2),1),INPUT!A:A,"<"&EOMONTH(DATE(LEFT($B$3,4),RIGHT($B$3,2),1),0)+1) -> 0 | D13: =SUMIFS(INPUT!D:D,INPUT!J:J,$A13,INPUT!A:A,">="&DATE(LEFT($B$3,4),RIGHT($B$3,2),1),INPUT!A:A,"<"&EOMONTH(DATE(LEFT($B$3,4),RIGHT($B$3,2),1),0)+1) -> 0 | E13: =SUMIFS(INPUT!E:E,INPUT!J:J,$A13,INPUT!A:A,">="&DATE(LEFT($B$3,4),RIGHT($B$3,2),1),INPUT!A:A,"<"&EOMONTH(DATE(LEFT($B$3,4),RIGHT($B$3,2),1),0)+1) -> 0 | F13: =SUMIFS(INPUT!F:F,INPUT!J:J,$A13,INPUT!A:A,">="&DATE(LEFT($B$3,4),RIGHT($B$3,2),1),INPUT!A:A,"<"&EOMONTH(DATE(LEFT($B$3,4),RIGHT($B$3,2),1),0)+1) -> 0 | G13: =SUMIFS(INPUT!G:G,INPUT!J:J,$A13,INPUT!A:A,">="&DATE(LEFT($B$3,4),RIGHT($B$3,2),1),INPUT!A:A,"<"&EOMONTH(DATE(LEFT($B$3,4),RIGHT($B$3,2),1),0)+1) -> 0
A14: TOTAL | B14: =SUM(B6:B13) -> 750 | C14: =SUM(C6:C13) -> 47655 | D14: =SUM(D6:D13) -> 244 | E14: =SUM(E6:E13) -> 23774.8 | F14: =SUM(F6:F13) -> 23880.2 | G14: =SUM(G6:G13) -> 23880.2
A16: Date | B16: # Khách | C16: Service | D16: Tip | E16: Tech Share | F16: Salon Gross | G16: Salon Net | H16: Salon Gross | I16: Salon Net
A17: =DATE(LEFT($B$3,4),RIGHT($B$3,2),1) -> 46054 | B17: =IF(A17="","",IF($E$3="ALL",COUNTIFS(INPUT!L:L,A17),COUNTIFS(INPUT!J:J,$E$3,INPUT!L:L,A17))) -> 6 | C17: =IF(A17="","",IF($E$3="ALL",SUMIFS(INPUT!C:C,INPUT!L:L,A17),SUMIFS(INPUT!C:C,INPUT!J:J,$E$3,INPUT!L:L,A17))) -> 391 | D17: =IF(A17="","",IF($E$3="ALL",SUMIFS(INPUT!D:D,INPUT!L:L,A17),SUMIFS(INPUT!D:D,INPUT!J:J,$E$3,INPUT!L:L,A17))) -> 15 | E17: =IF(A17="","",IF($E$3="ALL",SUMIFS(INPUT!E:E,INPUT!L:L,A17),SUMIFS(INPUT!E:E,INPUT!J:J,$E$3,INPUT!L:L,A17))) -> 234.6 | F17: =IF(A17="","",IF($E$3="ALL",SUMIFS(INPUT!F:F,INPUT!L:L,A17),SUMIFS(INPUT!F:F,INPUT!J:J,$E$3,INPUT!L:L,A17))) -> 156.4 | G17: =IF(A17="","",IF($E$3="ALL",SUMIFS(INPUT!G:G,INPUT!L:L,A17),SUMIFS(INPUT!G:G,INPUT!J:J,$E$3,INPUT!L:L,A17))) -> 156.4
A18: =IF(A17="","",IF(A17+1>EOMONTH(DATE(LEFT($B$3,4),RIGHT($B$3,2),1),0),"",A17+1)) -> 46055 | B18: =IF(A18="","",IF($E$3="ALL",COUNTIFS(INPUT!L:L,A18),COUNTIFS(INPUT!J:J,$E$3,INPUT!L:L,A18))) -> 5 | C18: =IF(A18="","",IF($E$3="ALL",SUMIFS(INPUT!C:C,INPUT!L:L,A18),SUMIFS(INPUT!C:C,INPUT!J:J,$E$3,INPUT!L:L,A18))) -> 328 | D18: =IF(A18="","",IF($E$3="ALL",SUMIFS(INPUT!D:D,INPUT!L:L,A18),SUMIFS(INPUT!D:D,INPUT!J:J,$E$3,INPUT!L:L,A18))) -> 7 | E18: =IF(A18="","",IF($E$3="ALL",SUMIFS(INPUT!E:E,INPUT!L:L,A18),SUMIFS(INPUT!E:E,INPUT!J:J,$E$3,INPUT!L:L,A18))) -> 196.8 | F18: =IF(A18="","",IF($E$3="ALL",SUMIFS(INPUT!F:F,INPUT!L:L,A18),SUMIFS(INPUT!F:F,INPUT!J:J,$E$3,INPUT!L:L,A18))) -> 131.2 | G18: =IF(A18="","",IF($E$3="ALL",SUMIFS(INPUT!G:G,INPUT!L:L,A18),SUMIFS(INPUT!G:G,INPUT!J:J,$E$3,INPUT!L:L,A18))) -> 131.2
A19: =IF(A18="","",IF(A18+1>EOMONTH(DATE(LEFT($B$3,4),RIGHT($B$3,2),1),0),"",A18+1)) -> 46056 | B19: =IF(A19="","",IF($E$3="ALL",COUNTIFS(INPUT!L:L,A19),COUNTIFS(INPUT!J:J,$E$3,INPUT!L:L,A19))) -> 5 | C19: =IF(A19="","",IF($E$3="ALL",SUMIFS(INPUT!C:C,INPUT!L:L,A19),SUMIFS(INPUT!C:C,INPUT!J:J,$E$3,INPUT!L:L,A19))) -> 310 | D19: =IF(A19="","",IF($E$3="ALL",SUMIFS(INPUT!D:D,INPUT!L:L,A19),SUMIFS(INPUT!D:D,INPUT!J:J,$E$3,INPUT!L:L,A19))) -> 11 | E19: =IF(A19="","",IF($E$3="ALL",SUMIFS(INPUT!E:E,INPUT!L:L,A19),SUMIFS(INPUT!E:E,INPUT!J:J,$E$3,INPUT!L:L,A19))) -> 186 | F19: =IF(A19="","",IF($E$3="ALL",SUMIFS(INPUT!F:F,INPUT!L:L,A19),SUMIFS(INPUT!F:F,INPUT!J:J,$E$3,INPUT!L:L,A19))) -> 124 | G19: =IF(A19="","",IF($E$3="ALL",SUMIFS(INPUT!G:G,INPUT!L:L,A19),SUMIFS(INPUT!G:G,INPUT!J:J,$E$3,INPUT!L:L,A19))) -> 124
A20: =IF(A19="","",IF(A19+1>EOMONTH(DATE(LEFT($B$3,4),RIGHT($B$3,2),1),0),"",A19+1)) -> 46057 | B20: =IF(A20="","",IF($E$3="ALL",COUNTIFS(INPUT!L:L,A20),COUNTIFS(INPUT!J:J,$E$3,INPUT!L:L,A20))) -> 9 | C20: =IF(A20="","",IF($E$3="ALL",SUMIFS(INPUT!C:C,INPUT!L:L,A20),SUMIFS(INPUT!C:C,INPUT!J:J,$E$3,INPUT!L:L,A20))) -> 601 | D20: =IF(A20="","",IF($E$3="ALL",SUMIFS(INPUT!D:D,INPUT!L:L,A20),SUMIFS(INPUT!D:D,INPUT!J:J,$E$3,INPUT!L:L,A20))) -> 45 | E20: =IF(A20="","",IF($E$3="ALL",SUMIFS(INPUT!E:E,INPUT!L:L,A20),SUMIFS(INPUT!E:E,INPUT!J:J,$E$3,INPUT!L:L,A20))) -> 360.6 | F20: =IF(A20="","",IF($E$3="ALL",SUMIFS(INPUT!F:F,INPUT!L:L,A20),SUMIFS(INPUT!F:F,INPUT!J:J,$E$3,INPUT!L:L,A20))) -> 240.4 | G20: =IF(A20="","",IF($E$3="ALL",SUMIFS(INPUT!G:G,INPUT!L:L,A20),SUMIFS(INPUT!G:G,INPUT!J:J,$E$3,INPUT!L:L,A20))) -> 240.4
A21: =IF(A20="","",IF(A20+1>EOMONTH(DATE(LEFT($B$3,4),RIGHT($B$3,2),1),0),"",A20+1)) -> 46058 | B21: =IF(A21="","",IF($E$3="ALL",COUNTIFS(INPUT!L:L,A21),COUNTIFS(INPUT!J:J,$E$3,INPUT!L:L,A21))) -> 5 | C21: =IF(A21="","",IF($E$3="ALL",SUMIFS(INPUT!C:C,INPUT!L:L,A21),SUMIFS(INPUT!C:C,INPUT!J:J,$E$3,INPUT!L:L,A21))) -> 443 | D21: =IF(A21="","",IF($E$3="ALL",SUMIFS(INPUT!D:D,INPUT!L:L,A21),SUMIFS(INPUT!D:D,INPUT!J:J,$E$3,INPUT!L:L,A21))) -> 0 | E21: =IF(A21="","",IF($E$3="ALL",SUMIFS(INPUT!E:E,INPUT!L:L,A21),SUMIFS(INPUT!E:E,INPUT!J:J,$E$3,INPUT!L:L,A21))) -> 265.8 | F21: =IF(A21="","",IF($E$3="ALL",SUMIFS(INPUT!F:F,INPUT!L:L,A21),SUMIFS(INPUT!F:F,INPUT!J:J,$E$3,INPUT!L:L,A21))) -> 177.2 | G21: =IF(A21="","",IF($E$3="ALL",SUMIFS(INPUT!G:G,INPUT!L:L,A21),SUMIFS(INPUT!G:G,INPUT!J:J,$E$3,INPUT!L:L,A21))) -> 177.2
A22: =IF(A21="","",IF(A21+1>EOMONTH(DATE(LEFT($B$3,4),RIGHT($B$3,2),1),0),"",A21+1)) -> 46059 | B22: =IF(A22="","",IF($E$3="ALL",COUNTIFS(INPUT!L:L,A22),COUNTIFS(INPUT!J:J,$E$3,INPUT!L:L,A22))) -> 9 | C22: =IF(A22="","",IF($E$3="ALL",SUMIFS(INPUT!C:C,INPUT!L:L,A22),SUMIFS(INPUT!C:C,INPUT!J:J,$E$3,INPUT!L:L,A22))) -> 601 | D22: =IF(A22="","",IF($E$3="ALL",SUMIFS(INPUT!D:D,INPUT!L:L,A22),SUMIFS(INPUT!D:D,INPUT!J:J,$E$3,INPUT!L:L,A22))) -> 0 | E22: =IF(A22="","",IF($E$3="ALL",SUMIFS(INPUT!E:E,INPUT!L:L,A22),SUMIFS(INPUT!E:E,INPUT!J:J,$E$3,INPUT!L:L,A22))) -> 360.6 | F22: =IF(A22="","",IF($E$3="ALL",SUMIFS(INPUT!F:F,INPUT!L:L,A22),SUMIFS(INPUT!F:F,INPUT!J:J,$E$3,INPUT!L:L,A22))) -> 240.4 | G22: =IF(A22="","",IF($E$3="ALL",SUMIFS(INPUT!G:G,INPUT!L:L,A22),SUMIFS(INPUT!G:G,INPUT!J:J,$E$3,INPUT!L:L,A22))) -> 240.4
A23: =IF(A22="","",IF(A22+1>EOMONTH(DATE(LEFT($B$3,4),RIGHT($B$3,2),1),0),"",A22+1)) -> 46060 | B23: =IF(A23="","",IF($E$3="ALL",COUNTIFS(INPUT!L:L,A23),COUNTIFS(INPUT!J:J,$E$3,INPUT!L:L,A23))) -> 7 | C23: =IF(A23="","",IF($E$3="ALL",SUMIFS(INPUT!C:C,INPUT!L:L,A23),SUMIFS(INPUT!C:C,INPUT!J:J,$E$3,INPUT!L:L,A23))) -> 471 | D23: =IF(A23="","",IF($E$3="ALL",SUMIFS(INPUT!D:D,INPUT!L:L,A23),SUMIFS(INPUT!D:D,INPUT!J:J,$E$3,INPUT!L:L,A23))) -> 0 | E23: =IF(A23="","",IF($E$3="ALL",SUMIFS(INPUT!E:E,INPUT!L:L,A23),SUMIFS(INPUT!E:E,INPUT!J:J,$E$3,INPUT!L:L,A23))) -> 282.6 | F23: =IF(A23="","",IF($E$3="ALL",SUMIFS(INPUT!F:F,INPUT!L:L,A23),SUMIFS(INPUT!F:F,INPUT!J:J,$E$3,INPUT!L:L,A23))) -> 188.4 | G23: =IF(A23="","",IF($E$3="ALL",SUMIFS(INPUT!G:G,INPUT!L:L,A23),SUMIFS(INPUT!G:G,INPUT!J:J,$E$3,INPUT!L:L,A23))) -> 188.4
A24: =IF(A23="","",IF(A23+1>EOMONTH(DATE(LEFT($B$3,4),RIGHT($B$3,2),1),0),"",A23+1)) -> 46061 | B24: =IF(A24="","",IF($E$3="ALL",COUNTIFS(INPUT!L:L,A24),COUNTIFS(INPUT!J:J,$E$3,INPUT!L:L,A24))) -> 4 | C24: =IF(A24="","",IF($E$3="ALL",SUMIFS(INPUT!C:C,INPUT!L:L,A24),SUMIFS(INPUT!C:C,INPUT!J:J,$E$3,INPUT!L:L,A24))) -> 324 | D24: =IF(A24="","",IF($E$3="ALL",SUMIFS(INPUT!D:D,INPUT!L:L,A24),SUMIFS(INPUT!D:D,INPUT!J:J,$E$3,INPUT!L:L,A24))) -> 0 | E24: =IF(A24="","",IF($E$3="ALL",SUMIFS(INPUT!E:E,INPUT!L:L,A24),SUMIFS(INPUT!E:E,INPUT!J:J,$E$3,INPUT!L:L,A24))) -> 194.4 | F24: =IF(A24="","",IF($E$3="ALL",SUMIFS(INPUT!F:F,INPUT!L:L,A24),SUMIFS(INPUT!F:F,INPUT!J:J,$E$3,INPUT!L:L,A24))) -> 129.6 | G24: =IF(A24="","",IF($E$3="ALL",SUMIFS(INPUT!G:G,INPUT!L:L,A24),SUMIFS(INPUT!G:G,INPUT!J:J,$E$3,INPUT!L:L,A24))) -> 129.6
A25: =IF(A24="","",IF(A24+1>EOMONTH(DATE(LEFT($B$3,4),RIGHT($B$3,2),1),0),"",A24+1)) -> 46062 | B25: =IF(A25="","",IF($E$3="ALL",COUNTIFS(INPUT!L:L,A25),COUNTIFS(INPUT!J:J,$E$3,INPUT!L:L,A25))) -> 5 | C25: =IF(A25="","",IF($E$3="ALL",SUMIFS(INPUT!C:C,INPUT!L:L,A25),SUMIFS(INPUT!C:C,INPUT!J:J,$E$3,INPUT!L:L,A25))) -> 258 | D25: =IF(A25="","",IF($E$3="ALL",SUMIFS(INPUT!D:D,INPUT!L:L,A25),SUMIFS(INPUT!D:D,INPUT!J:J,$E$3,INPUT!L:L,A25))) -> 0 | E25: =IF(A25="","",IF($E$3="ALL",SUMIFS(INPUT!E:E,INPUT!L:L,A25),SUMIFS(INPUT!E:E,INPUT!J:J,$E$3,INPUT!L:L,A25))) -> 154.8 | F25: =IF(A25="","",IF($E$3="ALL",SUMIFS(INPUT!F:F,INPUT!L:L,A25),SUMIFS(INPUT!F:F,INPUT!J:J,$E$3,INPUT!L:L,A25))) -> 103.2 | G25: =IF(A25="","",IF($E$3="ALL",SUMIFS(INPUT!G:G,INPUT!L:L,A25),SUMIFS(INPUT!G:G,INPUT!J:J,$E$3,INPUT!L:L,A25))) -> 103.2
A26: =IF(A25="","",IF(A25+1>EOMONTH(DATE(LEFT($B$3,4),RIGHT($B$3,2),1),0),"",A25+1)) -> 46063 | B26: =IF(A26="","",IF($E$3="ALL",COUNTIFS(INPUT!L:L,A26),COUNTIFS(INPUT!J:J,$E$3,INPUT!L:L,A26))) -> 3 | C26: =IF(A26="","",IF($E$3="ALL",SUMIFS(INPUT!C:C,INPUT!L:L,A26),SUMIFS(INPUT!C:C,INPUT!J:J,$E$3,INPUT!L:L,A26))) -> 279 | D26: =IF(A26="","",IF($E$3="ALL",SUMIFS(INPUT!D:D,INPUT!L:L,A26),SUMIFS(INPUT!D:D,INPUT!J:J,$E$3,INPUT!L:L,A26))) -> 0 | E26: =IF(A26="","",IF($E$3="ALL",SUMIFS(INPUT!E:E,INPUT!L:L,A26),SUMIFS(INPUT!E:E,INPUT!J:J,$E$3,INPUT!L:L,A26))) -> 167.4 | F26: =IF(A26="","",IF($E$3="ALL",SUMIFS(INPUT!F:F,INPUT!L:L,A26),SUMIFS(INPUT!F:F,INPUT!J:J,$E$3,INPUT!L:L,A26))) -> 111.6 | G26: =IF(A26="","",IF($E$3="ALL",SUMIFS(INPUT!G:G,INPUT!L:L,A26),SUMIFS(INPUT!G:G,INPUT!J:J,$E$3,INPUT!L:L,A26))) -> 111.6
A27: =IF(A26="","",IF(A26+1>EOMONTH(DATE(LEFT($B$3,4),RIGHT($B$3,2),1),0),"",A26+1)) -> 46064 | B27: =IF(A27="","",IF($E$3="ALL",COUNTIFS(INPUT!L:L,A27),COUNTIFS(INPUT!J:J,$E$3,INPUT!L:L,A27))) -> 5 | C27: =IF(A27="","",IF($E$3="ALL",SUMIFS(INPUT!C:C,INPUT!L:L,A27),SUMIFS(INPUT!C:C,INPUT!J:J,$E$3,INPUT!L:L,A27))) -> 453 | D27: =IF(A27="","",IF($E$3="ALL",SUMIFS(INPUT!D:D,INPUT!L:L,A27),SUMIFS(INPUT!D:D,INPUT!J:J,$E$3,INPUT!L:L,A27))) -> 0 | E27: =IF(A27="","",IF($E$3="ALL",SUMIFS(INPUT!E:E,INPUT!L:L,A27),SUMIFS(INPUT!E:E,INPUT!J:J,$E$3,INPUT!L:L,A27))) -> 271.8 | F27: =IF(A27="","",IF($E$3="ALL",SUMIFS(INPUT!F:F,INPUT!L:L,A27),SUMIFS(INPUT!F:F,INPUT!J:J,$E$3,INPUT!L:L,A27))) -> 181.2 | G27: =IF(A27="","",IF($E$3="ALL",SUMIFS(INPUT!G:G,INPUT!L:L,A27),SUMIFS(INPUT!G:G,INPUT!J:J,$E$3,INPUT!L:L,A27))) -> 181.2
A28: =IF(A27="","",IF(A27+1>EOMONTH(DATE(LEFT($B$3,4),RIGHT($B$3,2),1),0),"",A27+1)) -> 46065 | B28: =IF(A28="","",IF($E$3="ALL",COUNTIFS(INPUT!L:L,A28),COUNTIFS(INPUT!J:J,$E$3,INPUT!L:L,A28))) -> 7 | C28: =IF(A28="","",IF($E$3="ALL",SUMIFS(INPUT!C:C,INPUT!L:L,A28),SUMIFS(INPUT!C:C,INPUT!J:J,$E$3,INPUT!L:L,A28))) -> 472 | D28: =IF(A28="","",IF($E$3="ALL",SUMIFS(INPUT!D:D,INPUT!L:L,A28),SUMIFS(INPUT!D:D,INPUT!J:J,$E$3,INPUT!L:L,A28))) -> 0 | E28: =IF(A28="","",IF($E$3="ALL",SUMIFS(INPUT!E:E,INPUT!L:L,A28),SUMIFS(INPUT!E:E,INPUT!J:J,$E$3,INPUT!L:L,A28))) -> 283.2 | F28: =IF(A28="","",IF($E$3="ALL",SUMIFS(INPUT!F:F,INPUT!L:L,A28),SUMIFS(INPUT!F:F,INPUT!J:J,$E$3,INPUT!L:L,A28))) -> 188.8 | G28: =IF(A28="","",IF($E$3="ALL",SUMIFS(INPUT!G:G,INPUT!L:L,A28),SUMIFS(INPUT!G:G,INPUT!J:J,$E$3,INPUT!L:L,A28))) -> 188.8
A29: =IF(A28="","",IF(A28+1>EOMONTH(DATE(LEFT($B$3,4),RIGHT($B$3,2),1),0),"",A28+1)) -> 46066 | B29: =IF(A29="","",IF($E$3="ALL",COUNTIFS(INPUT!L:L,A29),COUNTIFS(INPUT!J:J,$E$3,INPUT!L:L,A29))) -> 9 | C29: =IF(A29="","",IF($E$3="ALL",SUMIFS(INPUT!C:C,INPUT!L:L,A29),SUMIFS(INPUT!C:C,INPUT!J:J,$E$3,INPUT!L:L,A29))) -> 617 | D29: =IF(A29="","",IF($E$3="ALL",SUMIFS(INPUT!D:D,INPUT!L:L,A29),SUMIFS(INPUT!D:D,INPUT!J:J,$E$3,INPUT!L:L,A29))) -> 0 | E29: =IF(A29="","",IF($E$3="ALL",SUMIFS(INPUT!E:E,INPUT!L:L,A29),SUMIFS(INPUT!E:E,INPUT!J:J,$E$3,INPUT!L:L,A29))) -> 370.2 | F29: =IF(A29="","",IF($E$3="ALL",SUMIFS(INPUT!F:F,INPUT!L:L,A29),SUMIFS(INPUT!F:F,INPUT!J:J,$E$3,INPUT!L:L,A29))) -> 246.8 | G29: =IF(A29="","",IF($E$3="ALL",SUMIFS(INPUT!G:G,INPUT!L:L,A29),SUMIFS(INPUT!G:G,INPUT!J:J,$E$3,INPUT!L:L,A29))) -> 246.8
... A47: =IF(A46="","",IF(A46+1>EOMONTH(DATE(LEFT($B$3,4),RIGHT($B$3,2),1),0),"",A46+1)) | B47: =IF(A47="","",IF($E$3="ALL",COUNTIFS(INPUT!L:L,A47),COUNTIFS(INPUT!J:J,$E$3,INPUT!L:L,A47))) | C47: =IF(A47="","",IF($E$3="ALL",SUMIFS(INPUT!C:C,INPUT!L:L,A47),SUMIFS(INPUT!C:C,INPUT!J:J,$E$3,INPUT!L:L,A47))) | D47: =IF(A47="","",IF($E$3="ALL",SUMIFS(INPUT!D:D,INPUT!L:L,A47),SUMIFS(INPUT!D:D,INPUT!J:J,$E$3,INPUT!L:L,A47))) | E47: =IF(A47="","",IF($E$3="ALL",SUMIFS(INPUT!E:E,INPUT!L:L,A47),SUMIFS(INPUT!E:E,INPUT!J:J,$E$3,INPUT!L:L,A47))) | F47: =IF(A47="","",IF($E$3="ALL",SUMIFS(INPUT!F:F,INPUT!L:L,A47),SUMIFS(INPUT!F:F,INPUT!J:J,$E$3,INPUT!L:L,A47))) | G47: =IF(A47="","",IF($E$3="ALL",SUMIFS(INPUT!G:G,INPUT!L:L,A47),SUMIFS(INPUT!G:G,INPUT!J:J,$E$3,INPUT!L:L,A47)))
A48: TOTAL (Tháng) | B48: =SUM(B17:B47) -> 168 | C48: =SUM(C17:C47) -> 11614 | D48: =SUM(D17:D47) -> 78 | E48: =SUM(E17:E47) -> 6968.4 | F48: =SUM(F17:F47) -> 4645.6 | G48: =SUM(G17:G47) -> 4645.6

Sheet CHARTS
A1: CHARTS - Data theo tháng (Insert > Chart trong Google Sheets)
A3: Selected Month: | B3: =MONTHLY_SUMMARY!B3 -> 2026-02
A5: Tech | B5: Service (Chưa chia) | C5: Tip | D5: Tech Share (Đã chia) | E5: Salon Gross | F5: Salon Net
A6: =MONTHLY_SUMMARY!A6 -> KEN | B6: =MONTHLY_SUMMARY!C6 -> 1835 | C6: =MONTHLY_SUMMARY!D6 -> 0 | D6: =MONTHLY_SUMMARY!E6 -> 0 | E6: =MONTHLY_SUMMARY!F6 -> 1835 | F6: =MONTHLY_SUMMARY!G6 -> 1835
A7: =MONTHLY_SUMMARY!A7 -> RYAN | B7: =MONTHLY_SUMMARY!C7 -> 11614 | C7: =MONTHLY_SUMMARY!D7 -> 78 | D7: =MONTHLY_SUMMARY!E7 -> 6968.4 | E7: =MONTHLY_SUMMARY!F7 -> 4645.6 | F7: =MONTHLY_SUMMARY!G7 -> 4645.6
A8: =MONTHLY_SUMMARY!A8 -> CRIS | B8: =MONTHLY_SUMMARY!C8 -> 7076 | C8: =MONTHLY_SUMMARY!D8 -> 38 | D8: =MONTHLY_SUMMARY!E8 -> 3538 | E8: =MONTHLY_SUMMARY!F8 -> 3538 | F8: =MONTHLY_SUMMARY!G8 -> 3538
A9: =MONTHLY_SUMMARY!A9 -> HANNI | B9: =MONTHLY_SUMMARY!C9 -> 5016 | C9: =MONTHLY_SUMMARY!D9 -> 40 | D9: =MONTHLY_SUMMARY!E9 -> 0 | E9: =MONTHLY_SUMMARY!F9 -> 5016 | F9: =MONTHLY_SUMMARY!G9 -> 5016
A10: =MONTHLY_SUMMARY!A10 -> AMY | B10: =MONTHLY_SUMMARY!C10 -> 11189 | C10: =MONTHLY_SUMMARY!D10 -> 50 | D10: =MONTHLY_SUMMARY!E10 -> 6713.4 | E10: =MONTHLY_SUMMARY!F10 -> 4475.6 | F10: =MONTHLY_SUMMARY!G10 -> 4475.6
A11: =MONTHLY_SUMMARY!A11 -> TONY | B11: =MONTHLY_SUMMARY!C11 -> 10925 | C11: =MONTHLY_SUMMARY!D11 -> 38 | D11: =MONTHLY_SUMMARY!E11 -> 6555 | E11: =MONTHLY_SUMMARY!F11 -> 4370 | F11: =MONTHLY_SUMMARY!G11 -> 4370
A12: =MONTHLY_SUMMARY!A12 -> STEVEN | B12: =MONTHLY_SUMMARY!C12 -> 0 | C12: =MONTHLY_SUMMARY!D12 -> 0 | D12: =MONTHLY_SUMMARY!E12 -> 0 | E12: =MONTHLY_SUMMARY!F12 -> 0 | F12: =MONTHLY_SUMMARY!G12 -> 0
A13: =MONTHLY_SUMMARY!A13 -> BEN | B13: =MONTHLY_SUMMARY!C13 -> 0 | C13: =MONTHLY_SUMMARY!D13 -> 0 | D13: =MONTHLY_SUMMARY!E13 -> 0 | E13: =MONTHLY_SUMMARY!F13 -> 0 | F13: =MONTHLY_SUMMARY!G13 -> 0

Sheet GUIDE
A1: HƯỚNG DẪN (bản Google Sheets)
A3: 1) Upload file này lên Google Drive -> Open with Google Sheets.
A4: 2) Vào File > Save as Google Sheets để chuyển sang file Google Sheets thật (không còn lỗi #ERROR do .xlsx).
A6: INPUT:
A7: - Date nhập dạng 01/03/2026 (dd/mm/yyyy).
A8: - Tech: chọn dropdown 'RY - RYAN' hoặc gõ code RY/HA/ST... hoặc gõ tên.
A9: - Service/Tip nhập số. Discount% nhập 20% (hoặc 0.2). Gift nhập số tiền.
A11: DAILY_VIEW: đổi Selected Date để xem chi tiết + tổng theo thợ.
A12: WEEKLY_SUMMARY: nhập WeekStart (Thứ 2) để xem tổng theo tuần.
A13: MONTHLY_SUMMARY: nhập Month (yyyy-mm) để xem tổng Service (chưa chia) theo thợ.
A14: CHARTS: bôi đen A5:B13 -> Insert > Chart -> Column chart.

Sheet SETUP
A1: SETUP - Danh sách thợ, code gõ nhanh & % ăn chia (chỉ chỉnh ở đây)
A3: Tech (NAME) | B3: Code (type) | C3: Tech % | D3: Salon % | E3: Pick (CODE - NAME)
A4: KEN | B4: K | C4: 0 | D4: 1 | E4: K - KEN
A5: RYAN | B5: RY | C5: 0.6 | D5: 0.4 | E5: RY - RYAN
A6: CRIS | B6: CR | C6: 0.5 | D6: 0.5 | E6: CR - CRIS
A7: HANNI | B7: HA | C7: 0 | D7: 1 | E7: HA - HANNI
A8: AMY | B8: AM | C8: 0.6 | D8: 0.4 | E8: AM - AMY
A9: TONY | B9: TO | C9: 0.6 | D9: 0.4 | E9: TO - TONY
A10: STEVEN | B10: ST | C10: 0.6 | D10: 0.4 | E10: ST - STEVEN
A11: BEN | B11: BE | C11: 0.6 | D11: 0.4 | E11: BE - BEN

Sheet LISTS
A1: Dates | C1: WeekStarts (Mon) | E1: Months (yyyy-mm) | G1: TechList
A2: =IFERROR(__xludf.DUMMYFUNCTION("IFERROR(SORT(UNIQUE(FILTER(INPUT!$L$4:$L$2003,INPUT!$L$4:$L$2003<>""""))),SEQUENCE(60,1,TODAY()-59,1))"),46054.0) -> 46054 | C2: =IFERROR(__xludf.DUMMYFUNCTION("IFERROR(SORT(UNIQUE(FILTER(INPUT!$K$4:$K$2003,INPUT!$K$4:$K$2003<>""""))),SEQUENCE(12,1,TODAY()-WEEKDAY(TODAY(),2)+1-7*11,7))"),46048.0) -> 46048 | E2: =IFERROR(__xludf.DUMMYFUNCTION("IFERROR(SORT(UNIQUE(FILTER(INPUT!$M$4:$M$2003,INPUT!$M$4:$M$2003<>""""))),TEXT(EDATE(DATE(YEAR(TODAY()),MONTH(TODAY()),1),SEQUENCE(12,1,-11,1)),""yyyy-mm""))"),"2026-02") -> 2026-02 | G2: ALL
A3: =IFERROR(__xludf.DUMMYFUNCTION("""COMPUTED_VALUE"""),46055.0) -> 46055 | C3: =IFERROR(__xludf.DUMMYFUNCTION("""COMPUTED_VALUE"""),46055.0) -> 46055 | E3: =IFERROR(__xludf.DUMMYFUNCTION("""COMPUTED_VALUE"""),"2026-03") -> 2026-03 | G3: =IFERROR(__xludf.DUMMYFUNCTION("FILTER(SETUP!$A$4:$A$200,SETUP!$A$4:$A$200<>"""")"),"KEN") -> KEN
A4: =IFERROR(__xludf.DUMMYFUNCTION("""COMPUTED_VALUE"""),46056.0) -> 46056 | C4: =IFERROR(__xludf.DUMMYFUNCTION("""COMPUTED_VALUE"""),46062.0) -> 46062 | G4: =IFERROR(__xludf.DUMMYFUNCTION("""COMPUTED_VALUE"""),"RYAN") -> RYAN
A5: =IFERROR(__xludf.DUMMYFUNCTION("""COMPUTED_VALUE"""),46057.0) -> 46057 | C5: =IFERROR(__xludf.DUMMYFUNCTION("""COMPUTED_VALUE"""),46069.0) -> 46069 | G5: =IFERROR(__xludf.DUMMYFUNCTION("""COMPUTED_VALUE"""),"CRIS") -> CRIS
A6: =IFERROR(__xludf.DUMMYFUNCTION("""COMPUTED_VALUE"""),46058.0) -> 46058 | C6: =IFERROR(__xludf.DUMMYFUNCTION("""COMPUTED_VALUE"""),46076.0) -> 46076 | G6: =IFERROR(__xludf.DUMMYFUNCTION("""COMPUTED_VALUE"""),"HANNI") -> HANNI
A7: =IFERROR(__xludf.DUMMYFUNCTION("""COMPUTED_VALUE"""),46059.0) -> 46059 | C7: =IFERROR(__xludf.DUMMYFUNCTION("""COMPUTED_VALUE"""),46083.0) -> 46083 | G7: =IFERROR(__xludf.DUMMYFUNCTION("""COMPUTED_VALUE"""),"AMY") -> AMY
A8: =IFERROR(__xludf.DUMMYFUNCTION("""COMPUTED_VALUE"""),46060.0) -> 46060 | G8: =IFERROR(__xludf.DUMMYFUNCTION("""COMPUTED_VALUE"""),"TONY") -> TONY
A9: =IFERROR(__xludf.DUMMYFUNCTION("""COMPUTED_VALUE"""),46061.0) -> 46061 | G9: =IFERROR(__xludf.DUMMYFUNCTION("""COMPUTED_VALUE"""),"STEVEN") -> STEVEN
A10: =IFERROR(__xludf.DUMMYFUNCTION("""COMPUTED_VALUE"""),46062.0) -> 46062 | G10: =IFERROR(__xludf.DUMMYFUNCTION("""COMPUTED_VALUE"""),"BEN") -> BEN
A11: =IFERROR(__xludf.DUMMYFUNCTION("""COMPUTED_VALUE"""),46063.0) -> 46063
A12: =IFERROR(__xludf.DUMMYFUNCTION("""COMPUTED_VALUE"""),46064.0) -> 46064
A13: =IFERROR(__xludf.DUMMYFUNCTION("""COMPUTED_VALUE"""),46065.0) -> 46065
A14: =IFERROR(__xludf.DUMMYFUNCTION("""COMPUTED_VALUE"""),46066.0) -> 46066
A15: =IFERROR(__xludf.DUMMYFUNCTION("""COMPUTED_VALUE"""),46067.0) -> 46067
A16: =IFERROR(__xludf.DUMMYFUNCTION("""COMPUTED_VALUE"""),46070.0) -> 46070
A17: =IFERROR(__xludf.DUMMYFUNCTION("""COMPUTED_VALUE"""),46071.0) -> 46071
A18: =IFERROR(__xludf.DUMMYFUNCTION("""COMPUTED_VALUE"""),46072.0) -> 46072
A19: =IFERROR(__xludf.DUMMYFUNCTION("""COMPUTED_VALUE"""),46073.0) -> 46073
A20: =IFERROR(__xludf.DUMMYFUNCTION("""COMPUTED_VALUE"""),46074.0) -> 46074
A21: =IFERROR(__xludf.DUMMYFUNCTION("""COMPUTED_VALUE"""),46075.0) -> 46075
A22: =IFERROR(__xludf.DUMMYFUNCTION("""COMPUTED_VALUE"""),46076.0) -> 46076
A23: =IFERROR(__xludf.DUMMYFUNCTION("""COMPUTED_VALUE"""),46077.0) -> 46077
A24: =IFERROR(__xludf.DUMMYFUNCTION("""COMPUTED_VALUE"""),46078.0) -> 46078
A25: =IFERROR(__xludf.DUMMYFUNCTION("""COMPUTED_VALUE"""),46079.0) -> 46079
A26: =IFERROR(__xludf.DUMMYFUNCTION("""COMPUTED_VALUE"""),46080.0) -> 46080
A27: =IFERROR(__xludf.DUMMYFUNCTION("""COMPUTED_VALUE"""),46081.0) -> 46081
A28: =IFERROR(__xludf.DUMMYFUNCTION("""COMPUTED_VALUE"""),46082.0) -> 46082
A29: =IFERROR(__xludf.DUMMYFUNCTION("""COMPUTED_VALUE"""),46083.0) -> 46083
A30: =IFERROR(__xludf.DUMMYFUNCTION("""COMPUTED_VALUE"""),46084.0) -> 46084
A31: =IFERROR(__xludf.DUMMYFUNCTION("""COMPUTED_VALUE"""),46085.0) -> 46085
A32: =IFERROR(__xludf.DUMMYFUNCTION("""COMPUTED_VALUE"""),46086.0) -> 46086
A33: =IFERROR(__xludf.DUMMYFUNCTION("""COMPUTED_VALUE"""),46087.0) -> 46087
A34: =IFERROR(__xludf.DUMMYFUNCTION("""COMPUTED_VALUE"""),46088.0) -> 46088
A35: =IFERROR(__xludf.DUMMYFUNCTION("""COMPUTED_VALUE"""),46089.0) -> 46089
A501: 46522
A502: 46523
A503: 46524
A504: 46525
A505: 46526
A506: 46527
A507: 46528
A508: 46529
A509: 46530
A510: 46531
A511: 46532
A512: 46533
... A731: 46752
